tick,time_s,blue-0_team,blue-0_profile,blue-1_team,blue-1_profile,blue-2_team,blue-2_profile,orange-0_team,orange-0_profile,orange-1_team,orange-1_profile,orange-2_team,orange-2_profile
8,0.06666666666666667,0,d1,0,d1,0,d1,1,d3,1,d3,1,d3
16,0.13333333333333333,0,d1,0,d1,0,d1,1,d3,1,d3,1,d3
24,0.2,0,d1,0,d1,0,d1,1,d3,1,d3,1,d3
32,0.26666666666666666,0,d1,0,d1,0,d1,1,d3,1,d3,1,d3
40,0.3333333333333333,0,d1,0,d1,0,d1,1,s2,1,s2,1,s2
48,0.4,0,d1,0,d1,0,d1,1,s2,1,s2,1,s2
56,0.4666666666666667,0,d1,0,d1,0,d1,1,s2,1,s2,1,s2
64,0.5333333333333333,0,d1,0,d1,0,d1,1,s2,1,s2,1,s2
72,0.6,0,d1,0,d1,0,d1,1,s2,1,s2,1,s2
80,0.6666666666666666,0,d1,0,d1,0,d1,1,s2,1,s2,1,s2
88,0.7333333333333333,0,d1,0,d1,0,d1,1,s2,1,s2,1,s2
96,0.8,0,d1,0,d1,0,d1,1,s2,1,s2,1,s2
104,0.8666666666666667,0,d1,0,d1,0,d1,1,s2,1,s2,1,s2
112,0.9333333333333333,0,d1,0,d1,0,d1,1,s2,1,s2,1,s2
120,1.0,0,d1,0,d1,0,d1,1,s2,1,s2,1,s2
128,1.0666666666666667,0,d1,0,d1,0,d1,1,s2,1,s2,1,s2
136,1.1333333333333333,0,d1,0,d1,0,d1,1,s2,1,s2,1,s2
144,1.2,0,d1,0,d1,0,d1,1,s2,1,s2,1,s2
152,1.2666666666666666,0,d1,0,d1,0,d1,1,s2,1,s2,1,s2
160,1.3333333333333333,0,d1,0,d1,0,d1,1,s2,1,s2,1,s2
168,1.4,0,d1,0,d1,0,d1,1,s2,1,s2,1,s2
176,1.4666666666666666,0,d1,0,d1,0,d1,1,s2,1,s2,1,s2
184,1.5333333333333334,0,d1,0,d1,0,d1,1,s2,1,s2,1,s2
192,1.6,0,d1,0,d1,0,d1,1,s2,1,s2,1,s2
200,1.6666666666666667,0,d1,0,d1,0,d1,1,s2,1,s2,1,s2
208,1.7333333333333334,0,d1,0,d1,0,d1,1,s2,1,s2,1,s2
216,1.8,0,d1,0,d1,0,d1,1,d3,1,d3,1,d3
224,1.8666666666666667,0,d1,0,d1,0,d1,1,d3,1,d3,1,d3
232,1.9333333333333333,0,d1,0,d1,0,d1,1,d3,1,d3,1,d3
240,2.0,0,d1,0,d1,0,d1,1,d3,1,d3,1,d3
248,2.066666666666667,0,d1,0,d1,0,d1,1,d3,1,d3,1,d3
256,2.1333333333333333,0,d1,0,d1,0,d1,1,d3,1,d3,1,d3
264,2.2,0,d1,0,d1,0,d1,1,d3,1,d3,1,d3
272,2.2666666666666666,0,d1,0,d1,0,d1,1,d3,1,d3,1,d3
280,2.3333333333333335,0,d1,0,d1,0,d1,1,d3,1,d3,1,d3
288,2.4,0,d1,0,d1,0,d1,1,d3,1,d3,1,d3
296,2.466666666666667,0,d1,0,d1,0,d1,1,d3,1,d3,1,d3
304,2.533333333333333,0,d1,0,d1,0,d1,1,d3,1,d3,1,d3
312,2.6,0,d1,0,d1,0,d1,1,d3,1,d3,1,d3
320,2.6666666666666665,0,d1,0,d1,0,d1,1,d3,1,d3,1,d3
328,2.7333333333333334,0,d1,0,d1,0,d1,1,d3,1,d3,1,d3
336,2.8,0,d1,0,d1,0,d1,1,d3,1,d3,1,d3
344,2.8666666666666667,0,d1,0,d1,0,d1,1,d3,1,d3,1,d3
352,2.933333333333333,0,d1,0,d1,0,d1,1,d3,1,d3,1,d3
360,3.0,0,s3,0,s3,0,s3,1,d3,1,d3,1,d3
368,3.066666666666667,0,s3,0,s3,0,s3,1,d3,1,d3,1,d3
376,3.1333333333333333,0,s3,0,s3,0,s3,1,d3,1,d3,1,d3
384,3.2,0,s3,0,s3,0,s3,1,d3,1,d3,1,d3
392,3.2666666666666666,0,s3,0,s3,0,s3,1,d3,1,d3,1,d3
400,3.3333333333333335,0,s3,0,s3,0,s3,1,d3,1,d3,1,d3
408,3.4,0,s3,0,s3,0,s3,1,d3,1,d3,1,d3
416,3.466666666666667,0,s3,0,s3,0,s3,1,d3,1,d3,1,d3
424,3.533333333333333,0,s3,0,s3,0,s3,1,d3,1,d3,1,d3
432,3.6,0,s3,0,s3,0,s3,1,d3,1,d3,1,d3
440,3.6666666666666665,0,s3,0,s3,0,s3,1,d3,1,d3,1,d3
448,3.7333333333333334,0,s3,0,s3,0,s3,1,d3,1,d3,1,d3
456,3.8,0,p2,0,p2,0,p2,1,d3,1,d3,1,d3
464,3.8666666666666667,0,p2,0,p2,0,p2,1,d3,1,d3,1,d3
472,3.933333333333333,0,p2,0,p2,0,p2,1,d3,1,d3,1,d3
480,4.0,0,p2,0,p2,0,p2,1,d3,1,d3,1,d3
488,4.066666666666666,0,p2,0,p2,0,p2,1,d3,1,d3,1,d3
496,4.133333333333334,0,p2,0,p2,0,p2,1,d3,1,d3,1,d3
504,4.2,0,p2,0,p2,0,p2,1,d3,1,d3,1,d3
512,4.266666666666667,0,p2,0,p2,0,p2,1,d3,1,d3,1,d3
520,4.333333333333333,0,p2,0,p2,0,p2,1,d3,1,d3,1,d3
528,4.4,0,p2,0,p2,0,p2,1,d3,1,d3,1,d3
536,4.466666666666667,0,p2,0,p2,0,p2,1,d3,1,d3,1,d3
544,4.533333333333333,0,p2,0,p2,0,p2,1,d3,1,d3,1,d3
552,4.6,0,p2,0,p2,0,p2,1,d3,1,d3,1,d3
560,4.666666666666667,0,p2,0,p2,0,p2,1,d3,1,d3,1,d3
568,4.733333333333333,0,p2,0,p2,0,p2,1,d3,1,d3,1,d3
576,4.8,0,p2,0,p2,0,p2,1,d3,1,d3,1,d3
584,4.866666666666666,0,p2,0,p2,0,p2,1,d3,1,d3,1,d3
592,4.933333333333334,0,p2,0,p2,0,p2,1,d3,1,d3,1,d3
600,5.0,0,d1,0,d1,0,d1,1,d3,1,d3,1,d3
608,5.066666666666666,0,d1,0,d1,0,d1,1,d3,1,d3,1,d3
616,5.133333333333334,0,d1,0,d1,0,d1,1,d3,1,d3,1,d3
624,5.2,0,d1,0,d1,0,d1,1,d3,1,d3,1,d3
632,5.266666666666667,0,d1,0,d1,0,d1,1,d3,1,d3,1,d3
640,5.333333333333333,0,d1,0,d1,0,d1,1,d3,1,d3,1,d3
648,5.4,0,d1,0,d1,0,d1,1,d3,1,d3,1,d3
656,5.466666666666667,0,d1,0,d1,0,d1,1,d3,1,d3,1,d3
664,5.533333333333333,0,d1,0,d1,0,d1,1,d3,1,d3,1,d3
672,5.6,0,d1,0,d1,0,d1,1,d3,1,d3,1,d3
680,5.666666666666667,0,d1,0,d1,0,d1,1,d3,1,d3,1,d3
688,5.733333333333333,0,d1,0,d1,0,d1,1,d3,1,d3,1,d3
696,5.8,0,d1,0,d1,0,d1,1,d3,1,d3,1,d3
704,5.866666666666666,0,s3,0,s3,0,s3,1,d3,1,d3,1,d3
712,5.933333333333334,0,s3,0,s3,0,s3,1,d3,1,d3,1,d3
720,6.0,0,s3,0,s3,0,s3,1,d3,1,d3,1,d3
728,6.066666666666666,0,s3,0,s3,0,s3,1,d3,1,d3,1,d3
736,6.133333333333334,0,s3,0,s3,0,s3,1,d3,1,d3,1,d3
744,6.2,0,s3,0,s3,0,s3,1,d3,1,d3,1,d3
752,6.266666666666667,0,s3,0,s3,0,s3,1,d3,1,d3,1,d3
760,6.333333333333333,0,s3,0,s3,0,s3,1,d3,1,d3,1,d3
768,6.4,0,s3,0,s3,0,s3,1,d3,1,d3,1,d3
776,6.466666666666667,0,s3,0,s3,0,s3,1,d3,1,d3,1,d3
784,6.533333333333333,0,s3,0,s3,0,s3,1,d3,1,d3,1,d3
792,6.6,0,s3,0,s3,0,s3,1,d3,1,d3,1,d3
800,6.666666666666667,0,s3,0,s3,0,s3,1,d3,1,d3,1,d3
808,6.733333333333333,0,s3,0,s3,0,s3,1,d3,1,d3,1,d3
816,6.8,0,s3,0,s3,0,s3,1,d3,1,d3,1,d3
824,6.866666666666666,0,s3,0,s3,0,s3,1,d3,1,d3,1,d3
832,6.933333333333334,0,s3,0,s3,0,s3,1,d3,1,d3,1,d3
840,7.0,0,s3,0,s3,0,s3,1,d3,1,d3,1,d3
848,7.066666666666666,0,s3,0,s3,0,s3,1,d3,1,d3,1,d3
856,7.133333333333334,0,s3,0,s3,0,s3,1,d3,1,d3,1,d3
864,7.2,0,s3,0,s3,0,s3,1,d3,1,d3,1,d3
872,7.266666666666667,0,s3,0,s3,0,s3,1,d3,1,d3,1,d3
880,7.333333333333333,0,s3,0,s3,0,s3,1,d3,1,d3,1,d3
888,7.4,0,s3,0,s3,0,s3,1,d3,1,d3,1,d3
896,7.466666666666667,0,s3,0,s3,0,s3,1,d3,1,d3,1,d3
904,7.533333333333333,0,s3,0,s3,0,s3,1,d3,1,d3,1,d3
912,7.6,0,s3,0,s3,0,s3,1,d3,1,d3,1,d3
920,7.666666666666667,0,s3,0,s3,0,s3,1,d3,1,d3,1,d3
928,7.733333333333333,0,s3,0,s3,0,s3,1,d3,1,d3,1,d3
936,7.8,0,s3,0,s3,0,s3,1,d3,1,d3,1,d3
944,7.866666666666666,0,s3,0,s3,0,s3,1,d3,1,d3,1,d3
952,7.933333333333334,0,s3,0,s3,0,s3,1,d3,1,d3,1,d3
960,8.0,0,s3,0,s3,0,s3,1,d3,1,d3,1,d3
968,8.066666666666666,0,s3,0,s3,0,s3,1,d3,1,d3,1,d3
976,8.133333333333333,0,p2,0,p2,0,p2,1,d3,1,d3,1,d3
984,8.2,0,p2,0,p2,0,p2,1,d3,1,d3,1,d3
992,8.266666666666667,0,p2,0,p2,0,p2,1,d3,1,d3,1,d3
1000,8.333333333333334,0,p2,0,p2,0,p2,1,d3,1,d3,1,d3
1008,8.4,0,p2,0,p2,0,p2,1,d3,1,d3,1,d3
1016,8.466666666666667,0,p2,0,p2,0,p2,1,d3,1,d3,1,d3
1024,8.533333333333333,0,p2,0,p2,0,p2,1,d3,1,d3,1,d3
1032,8.6,0,p2,0,p2,0,p2,1,d3,1,d3,1,d3
1040,8.666666666666666,0,p2,0,p2,0,p2,1,d3,1,d3,1,d3
1048,8.733333333333333,0,d1,0,d1,0,d1,1,d3,1,d3,1,d3
1056,8.8,0,d1,0,d1,0,d1,1,d3,1,d3,1,d3
1064,8.866666666666667,0,d1,0,d1,0,d1,1,d3,1,d3,1,d3
1072,8.933333333333334,0,d1,0,d1,0,d1,1,d3,1,d3,1,d3
1080,9.0,0,d1,0,d1,0,d1,1,d3,1,d3,1,d3
1088,9.066666666666666,0,d1,0,d1,0,d1,1,d3,1,d3,1,d3
1096,9.133333333333333,0,d1,0,d1,0,d1,1,d3,1,d3,1,d3
1104,9.2,0,d1,0,d1,0,d1,1,d3,1,d3,1,d3
1112,9.266666666666667,0,d1,0,d1,0,d1,1,d3,1,d3,1,d3
1120,9.333333333333334,0,d1,0,d1,0,d1,1,d3,1,d3,1,d3
1128,9.4,0,d1,0,d1,0,d1,1,d3,1,d3,1,d3
1136,9.466666666666667,0,d1,0,d1,0,d1,1,d3,1,d3,1,d3
1144,9.533333333333333,0,d1,0,d1,0,d1,1,d3,1,d3,1,d3
1152,9.6,0,d1,0,d1,0,d1,1,d3,1,d3,1,d3
1160,9.666666666666666,0,p2,0,p2,0,p2,1,d3,1,d3,1,d3
1168,9.733333333333333,0,p2,0,p2,0,p2,1,d3,1,d3,1,d3
1176,9.8,0,p2,0,p2,0,p2,1,d3,1,d3,1,d3
1184,9.866666666666667,0,p2,0,p2,0,p2,1,d3,1,d3,1,d3
1192,9.933333333333334,0,p2,0,p2,0,p2,1,d3,1,d3,1,d3
1200,10.0,0,p2,0,p2,0,p2,1,d3,1,d3,1,d3
1208,10.066666666666666,0,p2,0,p2,0,p2,1,d3,1,d3,1,d3
1216,10.133333333333333,0,p2,0,p2,0,p2,1,d3,1,d3,1,d3
1224,10.2,0,p2,0,p2,0,p2,1,d3,1,d3,1,d3
1232,10.266666666666667,0,p2,0,p2,0,p2,1,d3,1,d3,1,d3
1240,10.333333333333334,0,p2,0,p2,0,p2,1,d3,1,d3,1,d3
1248,10.4,0,p2,0,p2,0,p2,1,d3,1,d3,1,d3
1256,10.466666666666667,0,p2,0,p2,0,p2,1,d3,1,d3,1,d3
1264,10.533333333333333,0,p2,0,p2,0,p2,1,d3,1,d3,1,d3
1272,10.6,0,p2,0,p2,0,p2,1,d3,1,d3,1,d3
1280,10.666666666666666,0,p2,0,p2,0,p2,1,d3,1,d3,1,d3
1288,10.733333333333333,0,p2,0,p2,0,p2,1,d3,1,d3,1,d3
1296,10.8,0,p2,0,p2,0,p2,1,d3,1,d3,1,d3
1304,10.866666666666667,0,p2,0,p2,0,p2,1,d3,1,d3,1,d3
1312,10.933333333333334,0,p2,0,p2,0,p2,1,d3,1,d3,1,d3
1320,11.0,0,p2,0,p2,0,p2,1,d3,1,d3,1,d3
1328,11.066666666666666,0,p2,0,p2,0,p2,1,d3,1,d3,1,d3
1336,11.133333333333333,0,p2,0,p2,0,p2,1,d3,1,d3,1,d3
1344,11.2,0,p2,0,p2,0,p2,1,d3,1,d3,1,d3
1352,11.266666666666667,0,p2,0,p2,0,p2,1,d3,1,d3,1,d3
1360,11.333333333333334,0,p2,0,p2,0,p2,1,d3,1,d3,1,d3
1368,11.4,0,p2,0,p2,0,p2,1,d3,1,d3,1,d3
1376,11.466666666666667,0,p2,0,p2,0,p2,1,d3,1,d3,1,d3
1384,11.533333333333333,0,p2,0,p2,0,p2,1,d3,1,d3,1,d3
1392,11.6,0,p2,0,p2,0,p2,1,d3,1,d3,1,d3
1400,11.666666666666666,0,p2,0,p2,0,p2,1,d3,1,d3,1,d3
1408,11.733333333333333,0,p2,0,p2,0,p2,1,d3,1,d3,1,d3
1416,11.8,0,p2,0,p2,0,p2,1,d3,1,d3,1,d3
1424,11.866666666666667,0,p2,0,p2,0,p2,1,d3,1,d3,1,d3
1432,11.933333333333334,0,p2,0,p2,0,p2,1,d3,1,d3,1,d3
1440,12.0,0,p2,0,p2,0,p2,1,d3,1,d3,1,d3
1448,12.066666666666666,0,p2,0,p2,0,p2,1,d3,1,d3,1,d3
1456,12.133333333333333,0,p2,0,p2,0,p2,1,d3,1,d3,1,d3
1464,12.2,0,p2,0,p2,0,p2,1,d3,1,d3,1,d3
1472,12.266666666666667,0,p2,0,p2,0,p2,1,d3,1,d3,1,d3
1480,12.333333333333334,0,p2,0,p2,0,p2,1,d3,1,d3,1,d3
1488,12.4,0,p2,0,p2,0,p2,1,d3,1,d3,1,d3
1496,12.466666666666667,0,p2,0,p2,0,p2,1,d3,1,d3,1,d3
1504,12.533333333333333,0,p2,0,p2,0,p2,1,d3,1,d3,1,d3
1512,12.6,0,p2,0,p2,0,p2,1,d3,1,d3,1,d3
1520,12.666666666666666,0,p2,0,p2,0,p2,1,d3,1,d3,1,d3
1528,12.733333333333333,0,p2,0,p2,0,p2,1,d3,1,d3,1,d3
1536,12.8,0,p2,0,p2,0,p2,1,d3,1,d3,1,d3
1544,12.866666666666667,0,p2,0,p2,0,p2,1,d3,1,d3,1,d3
1552,12.933333333333334,0,p2,0,p2,0,p2,1,d3,1,d3,1,d3
1560,13.0,0,p2,0,p2,0,p2,1,d3,1,d3,1,d3
1568,13.066666666666666,0,p2,0,p2,0,p2,1,d3,1,d3,1,d3
1576,13.133333333333333,0,p2,0,p2,0,p2,1,d3,1,d3,1,d3
1584,13.2,0,p2,0,p2,0,p2,1,d3,1,d3,1,d3
1592,13.266666666666667,0,p2,0,p2,0,p2,1,d3,1,d3,1,d3
1600,13.333333333333334,0,p2,0,p2,0,p2,1,d3,1,d3,1,d3
1608,13.4,0,p2,0,p2,0,p2,1,d3,1,d3,1,d3
1616,13.466666666666667,0,p2,0,p2,0,p2,1,d3,1,d3,1,d3
1624,13.533333333333333,0,p2,0,p2,0,p2,1,d3,1,d3,1,d3
1632,13.6,0,p2,0,p2,0,p2,1,d3,1,d3,1,d3
1640,13.666666666666666,0,p2,0,p2,0,p2,1,d3,1,d3,1,d3
1648,13.733333333333333,0,p2,0,p2,0,p2,1,d3,1,d3,1,d3
1656,13.8,0,p2,0,p2,0,p2,1,d3,1,d3,1,d3
1664,13.866666666666667,0,p2,0,p2,0,p2,1,d3,1,d3,1,d3
1672,13.933333333333334,0,p2,0,p2,0,p2,1,d3,1,d3,1,d3
1680,14.0,0,p2,0,p2,0,p2,1,d3,1,d3,1,d3
1688,14.066666666666666,0,p2,0,p2,0,p2,1,d3,1,d3,1,d3
1696,14.133333333333333,0,p2,0,p2,0,p2,1,d3,1,d3,1,d3
1704,14.2,0,p2,0,p2,0,p2,1,d3,1,d3,1,d3
1712,14.266666666666667,0,p2,0,p2,0,p2,1,d3,1,d3,1,d3
1720,14.333333333333334,0,p2,0,p2,0,p2,1,d3,1,d3,1,d3
1728,14.4,0,p2,0,p2,0,p2,1,d3,1,d3,1,d3
1736,14.466666666666667,0,p2,0,p2,0,p2,1,d3,1,d3,1,d3
1744,14.533333333333333,0,p2,0,p2,0,p2,1,d3,1,d3,1,d3
1752,14.6,0,d1,0,d1,0,d1,1,d3,1,d3,1,d3
1760,14.666666666666666,0,d1,0,d1,0,d1,1,d3,1,d3,1,d3
1768,14.733333333333333,0,d1,0,d1,0,d1,1,d3,1,d3,1,d3
1776,14.8,0,d1,0,d1,0,d1,1,d3,1,d3,1,d3
1784,14.866666666666667,0,d1,0,d1,0,d1,1,d3,1,d3,1,d3
1792,14.933333333333334,0,d1,0,d1,0,d1,1,d3,1,d3,1,d3
1800,15.0,0,d1,0,d1,0,d1,1,d3,1,d3,1,d3
1808,15.066666666666666,0,d1,0,d1,0,d1,1,d3,1,d3,1,d3
1816,15.133333333333333,0,d1,0,d1,0,d1,1,d3,1,d3,1,d3
1824,15.2,0,d1,0,d1,0,d1,1,d3,1,d3,1,d3
1832,15.266666666666667,0,d1,0,d1,0,d1,1,d3,1,d3,1,d3
1840,15.333333333333334,0,d1,0,d1,0,d1,1,d3,1,d3,1,d3
1848,15.4,0,d1,0,d1,0,d1,1,d3,1,d3,1,d3
1856,15.466666666666667,0,d1,0,d1,0,d1,1,d3,1,d3,1,d3
1864,15.533333333333333,0,d1,0,d1,0,d1,1,d3,1,d3,1,d3
1872,15.6,0,d1,0,d1,0,d1,1,d3,1,d3,1,d3
1880,15.666666666666666,0,d1,0,d1,0,d1,1,d3,1,d3,1,d3
1888,15.733333333333333,0,d1,0,d1,0,d1,1,d3,1,d3,1,d3
1896,15.8,0,d1,0,d1,0,d1,1,d3,1,d3,1,d3
1904,15.866666666666667,0,d1,0,d1,0,d1,1,d3,1,d3,1,d3
1912,15.933333333333334,0,d1,0,d1,0,d1,1,d3,1,d3,1,d3
1920,16.0,0,d1,0,d1,0,d1,1,d3,1,d3,1,d3
1928,16.066666666666666,0,d1,0,d1,0,d1,1,d3,1,d3,1,d3
1936,16.133333333333333,0,d1,0,d1,0,d1,1,d3,1,d3,1,d3
1944,16.2,0,d1,0,d1,0,d1,1,d3,1,d3,1,d3
1952,16.266666666666666,0,d1,0,d1,0,d1,1,d3,1,d3,1,d3
1960,16.333333333333332,0,d1,0,d1,0,d1,1,d3,1,d3,1,d3
1968,16.4,0,d1,0,d1,0,d1,1,d3,1,d3,1,d3
1976,16.466666666666665,0,d1,0,d1,0,d1,1,d3,1,d3,1,d3
1984,16.533333333333335,0,d1,0,d1,0,d1,1,d3,1,d3,1,d3
1992,16.6,0,d1,0,d1,0,d1,1,d3,1,d3,1,d3
2000,16.666666666666668,0,d1,0,d1,0,d1,1,d3,1,d3,1,d3
2008,16.733333333333334,0,d1,0,d1,0,d1,1,d3,1,d3,1,d3
2016,16.8,0,d1,0,d1,0,d1,1,d3,1,d3,1,d3
2024,16.866666666666667,0,d1,0,d1,0,d1,1,d3,1,d3,1,d3
2032,16.933333333333334,0,d1,0,d1,0,d1,1,d3,1,d3,1,d3
2040,17.0,0,d1,0,d1,0,d1,1,d3,1,d3,1,d3
2048,17.066666666666666,0,d1,0,d1,0,d1,1,d3,1,d3,1,d3
2056,17.133333333333333,0,d1,0,d1,0,d1,1,d3,1,d3,1,d3
2064,17.2,0,d1,0,d1,0,d1,1,d3,1,d3,1,d3
2072,17.266666666666666,0,d1,0,d1,0,d1,1,d3,1,d3,1,d3
2080,17.333333333333332,0,d1,0,d1,0,d1,1,d3,1,d3,1,d3
2088,17.4,0,d1,0,d1,0,d1,1,d3,1,d3,1,d3
2096,17.466666666666665,0,d1,0,d1,0,d1,1,d3,1,d3,1,d3
2104,17.533333333333335,0,d1,0,d1,0,d1,1,d3,1,d3,1,d3
2112,17.6,0,d1,0,d1,0,d1,1,d3,1,d3,1,d3
2120,17.666666666666668,0,d1,0,d1,0,d1,1,d3,1,d3,1,d3
2128,17.733333333333334,0,d1,0,d1,0,d1,1,d3,1,d3,1,d3
2136,17.8,0,d1,0,d1,0,d1,1,d3,1,d3,1,d3
2144,17.866666666666667,0,d1,0,d1,0,d1,1,d3,1,d3,1,d3
2152,17.933333333333334,0,d1,0,d1,0,d1,1,d3,1,d3,1,d3
2160,18.0,0,d1,0,d1,0,d1,1,d3,1,d3,1,d3
2168,18.066666666666666,0,d1,0,d1,0,d1,1,d3,1,d3,1,d3
2176,18.133333333333333,0,d1,0,d1,0,d1,1,d3,1,d3,1,d3
2184,18.2,0,d1,0,d1,0,d1,1,d3,1,d3,1,d3
2192,18.266666666666666,0,d1,0,d1,0,d1,1,d3,1,d3,1,d3
2200,18.333333333333332,0,d1,0,d1,0,d1,1,d3,1,d3,1,d3
2208,18.4,0,d1,0,d1,0,d1,1,d3,1,d3,1,d3
2216,18.466666666666665,0,d1,0,d1,0,d1,1,d3,1,d3,1,d3
2224,18.533333333333335,0,d1,0,d1,0,d1,1,d3,1,d3,1,d3
2232,18.6,0,d1,0,d1,0,d1,1,d3,1,d3,1,d3
2240,18.666666666666668,0,d1,0,d1,0,d1,1,d3,1,d3,1,d3
2248,18.733333333333334,0,p2,0,p2,0,p2,1,d3,1,d3,1,d3
2256,18.8,0,p2,0,p2,0,p2,1,d3,1,d3,1,d3
2264,18.866666666666667,0,p2,0,p2,0,p2,1,d3,1,d3,1,d3
2272,18.933333333333334,0,p2,0,p2,0,p2,1,d3,1,d3,1,d3
2280,19.0,0,p2,0,p2,0,p2,1,d3,1,d3,1,d3
2288,19.066666666666666,0,p2,0,p2,0,p2,1,d3,1,d3,1,d3
2296,19.133333333333333,0,p2,0,p2,0,p2,1,d3,1,d3,1,d3
2304,19.2,0,p2,0,p2,0,p2,1,d3,1,d3,1,d3
2312,19.266666666666666,0,p2,0,p2,0,p2,1,d3,1,d3,1,d3
2320,19.333333333333332,0,p2,0,p2,0,p2,1,d3,1,d3,1,d3
2328,19.4,0,p2,0,p2,0,p2,1,d3,1,d3,1,d3
2336,19.466666666666665,0,p2,0,p2,0,p2,1,d3,1,d3,1,d3
2344,19.533333333333335,0,p2,0,p2,0,p2,1,d3,1,d3,1,d3
2352,19.6,0,p2,0,p2,0,p2,1,d3,1,d3,1,d3
2360,19.666666666666668,0,p2,0,p2,0,p2,1,d3,1,d3,1,d3
2368,19.733333333333334,0,p2,0,p2,0,p2,1,d3,1,d3,1,d3
2376,19.8,0,p2,0,p2,0,p2,1,d3,1,d3,1,d3
2384,19.866666666666667,0,p2,0,p2,0,p2,1,d3,1,d3,1,d3
2392,19.933333333333334,0,p2,0,p2,0,p2,1,d3,1,d3,1,d3
2400,20.0,0,p2,0,p2,0,p2,1,d3,1,d3,1,d3
2408,20.066666666666666,0,p2,0,p2,0,p2,1,d3,1,d3,1,d3
2416,20.133333333333333,0,p2,0,p2,0,p2,1,d3,1,d3,1,d3
2424,20.2,0,p2,0,p2,0,p2,1,d3,1,d3,1,d3
2432,20.266666666666666,0,p2,0,p2,0,p2,1,d3,1,d3,1,d3
2440,20.333333333333332,0,p2,0,p2,0,p2,1,d3,1,d3,1,d3
2448,20.4,0,p2,0,p2,0,p2,1,d3,1,d3,1,d3
2456,20.466666666666665,0,p2,0,p2,0,p2,1,d3,1,d3,1,d3
2464,20.533333333333335,0,p2,0,p2,0,p2,1,d3,1,d3,1,d3
2472,20.6,0,p2,0,p2,0,p2,1,d3,1,d3,1,d3
2480,20.666666666666668,0,p2,0,p2,0,p2,1,d3,1,d3,1,d3
2488,20.733333333333334,0,p2,0,p2,0,p2,1,d3,1,d3,1,d3
2496,20.8,0,p2,0,p2,0,p2,1,d3,1,d3,1,d3
2504,20.866666666666667,0,p2,0,p2,0,p2,1,d3,1,d3,1,d3
2512,20.933333333333334,0,p2,0,p2,0,p2,1,d3,1,d3,1,d3
2520,21.0,0,p2,0,p2,0,p2,1,d3,1,d3,1,d3
2528,21.066666666666666,0,p2,0,p2,0,p2,1,d3,1,d3,1,d3
2536,21.133333333333333,0,p2,0,p2,0,p2,1,d3,1,d3,1,d3
2544,21.2,0,p2,0,p2,0,p2,1,d3,1,d3,1,d3
2552,21.266666666666666,0,p2,0,p2,0,p2,1,d3,1,d3,1,d3
2560,21.333333333333332,0,p2,0,p2,0,p2,1,d3,1,d3,1,d3
2568,21.4,0,p2,0,p2,0,p2,1,d3,1,d3,1,d3
2576,21.466666666666665,0,p2,0,p2,0,p2,1,d3,1,d3,1,d3
2584,21.533333333333335,0,p2,0,p2,0,p2,1,d3,1,d3,1,d3
2592,21.6,0,p2,0,p2,0,p2,1,d3,1,d3,1,d3
2600,21.666666666666668,0,p2,0,p2,0,p2,1,d3,1,d3,1,d3
2608,21.733333333333334,0,p2,0,p2,0,p2,1,d3,1,d3,1,d3
2616,21.8,0,p2,0,p2,0,p2,1,d3,1,d3,1,d3
2624,21.866666666666667,0,p2,0,p2,0,p2,1,d3,1,d3,1,d3
2632,21.933333333333334,0,p2,0,p2,0,p2,1,d3,1,d3,1,d3
2640,22.0,0,p2,0,p2,0,p2,1,d3,1,d3,1,d3
2648,22.066666666666666,0,p2,0,p2,0,p2,1,d3,1,d3,1,d3
2656,22.133333333333333,0,p2,0,p2,0,p2,1,d3,1,d3,1,d3
2664,22.2,0,p2,0,p2,0,p2,1,d3,1,d3,1,d3
2672,22.266666666666666,0,p2,0,p2,0,p2,1,d3,1,d3,1,d3
2680,22.333333333333332,0,p2,0,p2,0,p2,1,d3,1,d3,1,d3
2688,22.4,0,p2,0,p2,0,p2,1,d3,1,d3,1,d3
2696,22.466666666666665,0,p2,0,p2,0,p2,1,d3,1,d3,1,d3
2704,22.533333333333335,0,p2,0,p2,0,p2,1,d3,1,d3,1,d3
2712,22.6,0,p2,0,p2,0,p2,1,d3,1,d3,1,d3
2720,22.666666666666668,0,p2,0,p2,0,p2,1,d3,1,d3,1,d3
2728,22.733333333333334,0,p2,0,p2,0,p2,1,d3,1,d3,1,d3
2736,22.8,0,p2,0,p2,0,p2,1,d3,1,d3,1,d3
2744,22.866666666666667,0,p2,0,p2,0,p2,1,d3,1,d3,1,d3
2752,22.933333333333334,0,p2,0,p2,0,p2,1,d3,1,d3,1,d3
2760,23.0,0,p2,0,p2,0,p2,1,d3,1,d3,1,d3
2768,23.066666666666666,0,p2,0,p2,0,p2,1,d3,1,d3,1,d3
2776,23.133333333333333,0,p2,0,p2,0,p2,1,d3,1,d3,1,d3
2784,23.2,0,p2,0,p2,0,p2,1,d3,1,d3,1,d3
2792,23.266666666666666,0,p2,0,p2,0,p2,1,d3,1,d3,1,d3
2800,23.333333333333332,0,p2,0,p2,0,p2,1,d3,1,d3,1,d3
2808,23.4,0,p2,0,p2,0,p2,1,d3,1,d3,1,d3
2816,23.466666666666665,0,p2,0,p2,0,p2,1,d3,1,d3,1,d3
2824,23.533333333333335,0,p2,0,p2,0,p2,1,d3,1,d3,1,d3
2832,23.6,0,p2,0,p2,0,p2,1,d3,1,d3,1,d3
2840,23.666666666666668,0,p2,0,p2,0,p2,1,d3,1,d3,1,d3
2848,23.733333333333334,0,p2,0,p2,0,p2,1,d3,1,d3,1,d3
2856,23.8,0,p2,0,p2,0,p2,1,d3,1,d3,1,d3
2864,23.866666666666667,0,p2,0,p2,0,p2,1,d3,1,d3,1,d3
2872,23.933333333333334,0,p2,0,p2,0,p2,1,d3,1,d3,1,d3
2880,24.0,0,p2,0,p2,0,p2,1,d3,1,d3,1,d3
2888,24.066666666666666,0,p2,0,p2,0,p2,1,d3,1,d3,1,d3
2896,24.133333333333333,0,p2,0,p2,0,p2,1,d3,1,d3,1,d3
2904,24.2,0,p2,0,p2,0,p2,1,d3,1,d3,1,d3
2912,24.266666666666666,0,p2,0,p2,0,p2,1,d3,1,d3,1,d3
2920,24.333333333333332,0,p2,0,p2,0,p2,1,d3,1,d3,1,d3
2928,24.4,0,p2,0,p2,0,p2,1,d3,1,d3,1,d3
2936,24.466666666666665,0,p2,0,p2,0,p2,1,d3,1,d3,1,d3
2944,24.533333333333335,0,p2,0,p2,0,p2,1,d3,1,d3,1,d3
2952,24.6,0,p2,0,p2,0,p2,1,d3,1,d3,1,d3
2960,24.666666666666668,0,p2,0,p2,0,p2,1,d3,1,d3,1,d3
2968,24.733333333333334,0,p2,0,p2,0,p2,1,d3,1,d3,1,d3
2976,24.8,0,p2,0,p2,0,p2,1,d3,1,d3,1,d3
2984,24.866666666666667,0,p2,0,p2,0,p2,1,d3,1,d3,1,d3
2992,24.933333333333334,0,p2,0,p2,0,p2,1,d3,1,d3,1,d3
3000,25.0,0,p2,0,p2,0,p2,1,d3,1,d3,1,d3
3008,25.066666666666666,0,p2,0,p2,0,p2,1,d3,1,d3,1,d3
3016,25.133333333333333,0,p2,0,p2,0,p2,1,d3,1,d3,1,d3
3024,25.2,0,p2,0,p2,0,p2,1,d3,1,d3,1,d3
3032,25.266666666666666,0,p2,0,p2,0,p2,1,d3,1,d3,1,d3
3040,25.333333333333332,0,p2,0,p2,0,p2,1,d3,1,d3,1,d3
3048,25.4,0,p2,0,p2,0,p2,1,d3,1,d3,1,d3
3056,25.466666666666665,0,p2,0,p2,0,p2,1,d3,1,d3,1,d3
3064,25.533333333333335,0,p2,0,p2,0,p2,1,d3,1,d3,1,d3
3072,25.6,0,p2,0,p2,0,p2,1,d3,1,d3,1,d3
3080,25.666666666666668,0,p2,0,p2,0,p2,1,d3,1,d3,1,d3
3088,25.733333333333334,0,p2,0,p2,0,p2,1,d3,1,d3,1,d3
3096,25.8,0,p2,0,p2,0,p2,1,d3,1,d3,1,d3
3104,25.866666666666667,0,p2,0,p2,0,p2,1,d3,1,d3,1,d3
3112,25.933333333333334,0,p2,0,p2,0,p2,1,d3,1,d3,1,d3
3120,26.0,0,p2,0,p2,0,p2,1,d3,1,d3,1,d3
3128,26.066666666666666,0,p2,0,p2,0,p2,1,d3,1,d3,1,d3
3136,26.133333333333333,0,p2,0,p2,0,p2,1,d3,1,d3,1,d3
3144,26.2,0,p2,0,p2,0,p2,1,d3,1,d3,1,d3
3152,26.266666666666666,0,p2,0,p2,0,p2,1,d3,1,d3,1,d3
3160,26.333333333333332,0,p2,0,p2,0,p2,1,d3,1,d3,1,d3
3168,26.4,0,p2,0,p2,0,p2,1,d3,1,d3,1,d3
3176,26.466666666666665,0,p2,0,p2,0,p2,1,d3,1,d3,1,d3
3184,26.533333333333335,0,p2,0,p2,0,p2,1,d3,1,d3,1,d3
3192,26.6,0,p2,0,p2,0,p2,1,d3,1,d3,1,d3
3200,26.666666666666668,0,p2,0,p2,0,p2,1,d3,1,d3,1,d3
3208,26.733333333333334,0,p2,0,p2,0,p2,1,d3,1,d3,1,d3
3216,26.8,0,p2,0,p2,0,p2,1,d3,1,d3,1,d3
3224,26.866666666666667,0,p2,0,p2,0,p2,1,d3,1,d3,1,d3
3232,26.933333333333334,0,p2,0,p2,0,p2,1,d3,1,d3,1,d3
3240,27.0,0,p2,0,p2,0,p2,1,d3,1,d3,1,d3
3248,27.066666666666666,0,p2,0,p2,0,p2,1,d3,1,d3,1,d3
3256,27.133333333333333,0,p2,0,p2,0,p2,1,d3,1,d3,1,d3
3264,27.2,0,p2,0,p2,0,p2,1,d3,1,d3,1,d3
3272,27.266666666666666,0,p2,0,p2,0,p2,1,d3,1,d3,1,d3
3280,27.333333333333332,0,p2,0,p2,0,p2,1,d3,1,d3,1,d3
3288,27.4,0,p2,0,p2,0,p2,1,d3,1,d3,1,d3
3296,27.466666666666665,0,p2,0,p2,0,p2,1,d3,1,d3,1,d3
3304,27.533333333333335,0,p2,0,p2,0,p2,1,d3,1,d3,1,d3
3312,27.6,0,p2,0,p2,0,p2,1,d3,1,d3,1,d3
3320,27.666666666666668,0,p2,0,p2,0,p2,1,d3,1,d3,1,d3
3328,27.733333333333334,0,p2,0,p2,0,p2,1,d3,1,d3,1,d3
3336,27.8,0,p2,0,p2,0,p2,1,d3,1,d3,1,d3
3344,27.866666666666667,0,p2,0,p2,0,p2,1,d3,1,d3,1,d3
3352,27.933333333333334,0,p2,0,p2,0,p2,1,d3,1,d3,1,d3
3360,28.0,0,p2,0,p2,0,p2,1,d3,1,d3,1,d3
3368,28.066666666666666,0,p2,0,p2,0,p2,1,d3,1,d3,1,d3
3376,28.133333333333333,0,p2,0,p2,0,p2,1,d3,1,d3,1,d3
3384,28.2,0,p2,0,p2,0,p2,1,d3,1,d3,1,d3
3392,28.266666666666666,0,p2,0,p2,0,p2,1,d3,1,d3,1,d3
3400,28.333333333333332,0,p2,0,p2,0,p2,1,d3,1,d3,1,d3
3408,28.4,0,p2,0,p2,0,p2,1,d3,1,d3,1,d3
3416,28.466666666666665,0,p2,0,p2,0,p2,1,d3,1,d3,1,d3
3424,28.533333333333335,0,p2,0,p2,0,p2,1,d3,1,d3,1,d3
3432,28.6,0,p2,0,p2,0,p2,1,d3,1,d3,1,d3
3440,28.666666666666668,0,p2,0,p2,0,p2,1,d3,1,d3,1,d3
3448,28.733333333333334,0,p2,0,p2,0,p2,1,d3,1,d3,1,d3
3456,28.8,0,p2,0,p2,0,p2,1,d3,1,d3,1,d3
3464,28.866666666666667,0,p2,0,p2,0,p2,1,d3,1,d3,1,d3
3472,28.933333333333334,0,p2,0,p2,0,p2,1,d3,1,d3,1,d3
3480,29.0,0,p2,0,p2,0,p2,1,d3,1,d3,1,d3
3488,29.066666666666666,0,p2,0,p2,0,p2,1,d3,1,d3,1,d3
3496,29.133333333333333,0,p2,0,p2,0,p2,1,d3,1,d3,1,d3
3504,29.2,0,p2,0,p2,0,p2,1,d3,1,d3,1,d3
3512,29.266666666666666,0,p2,0,p2,0,p2,1,d3,1,d3,1,d3
3520,29.333333333333332,0,p2,0,p2,0,p2,1,d3,1,d3,1,d3
3528,29.4,0,p2,0,p2,0,p2,1,d3,1,d3,1,d3
3536,29.466666666666665,0,p2,0,p2,0,p2,1,d3,1,d3,1,d3
3544,29.533333333333335,0,p2,0,p2,0,p2,1,d3,1,d3,1,d3
3552,29.6,0,p2,0,p2,0,p2,1,d3,1,d3,1,d3
3560,29.666666666666668,0,p2,0,p2,0,p2,1,d3,1,d3,1,d3
3568,29.733333333333334,0,p2,0,p2,0,p2,1,d3,1,d3,1,d3
3576,29.8,0,p2,0,p2,0,p2,1,d3,1,d3,1,d3
3584,29.866666666666667,0,p2,0,p2,0,p2,1,d3,1,d3,1,d3
3592,29.933333333333334,0,p2,0,p2,0,p2,1,d3,1,d3,1,d3
3600,30.0,0,p2,0,p2,0,p2,1,d3,1,d3,1,d3
3608,30.066666666666666,0,p2,0,p2,0,p2,1,d3,1,d3,1,d3
3616,30.133333333333333,0,p2,0,p2,0,p2,1,d3,1,d3,1,d3
3624,30.2,0,p2,0,p2,0,p2,1,d3,1,d3,1,d3
3632,30.266666666666666,0,p2,0,p2,0,p2,1,d3,1,d3,1,d3
3640,30.333333333333332,0,p2,0,p2,0,p2,1,d3,1,d3,1,d3
3648,30.4,0,p2,0,p2,0,p2,1,d3,1,d3,1,d3
3656,30.466666666666665,0,p2,0,p2,0,p2,1,d3,1,d3,1,d3
3664,30.533333333333335,0,p2,0,p2,0,p2,1,d3,1,d3,1,d3
3672,30.6,0,p2,0,p2,0,p2,1,d3,1,d3,1,d3
3680,30.666666666666668,0,p2,0,p2,0,p2,1,d3,1,d3,1,d3
3688,30.733333333333334,0,p2,0,p2,0,p2,1,d3,1,d3,1,d3
3696,30.8,0,p2,0,p2,0,p2,1,d3,1,d3,1,d3
3704,30.866666666666667,0,p2,0,p2,0,p2,1,d3,1,d3,1,d3
3712,30.933333333333334,0,p2,0,p2,0,p2,1,d3,1,d3,1,d3
3720,31.0,0,p2,0,p2,0,p2,1,d3,1,d3,1,d3
3728,31.066666666666666,0,p2,0,p2,0,p2,1,d3,1,d3,1,d3
3736,31.133333333333333,0,p2,0,p2,0,p2,1,d3,1,d3,1,d3
3744,31.2,0,p2,0,p2,0,p2,1,d3,1,d3,1,d3
3752,31.266666666666666,0,p2,0,p2,0,p2,1,d3,1,d3,1,d3
3760,31.333333333333332,0,p2,0,p2,0,p2,1,d3,1,d3,1,d3
3768,31.4,0,p2,0,p2,0,p2,1,d3,1,d3,1,d3
3776,31.466666666666665,0,p2,0,p2,0,p2,1,d3,1,d3,1,d3
3784,31.533333333333335,0,p2,0,p2,0,p2,1,d3,1,d3,1,d3
3792,31.6,0,p2,0,p2,0,p2,1,d3,1,d3,1,d3
3800,31.666666666666668,0,p2,0,p2,0,p2,1,d3,1,d3,1,d3
3808,31.733333333333334,0,p2,0,p2,0,p2,1,d3,1,d3,1,d3
3816,31.8,0,p2,0,p2,0,p2,1,d3,1,d3,1,d3
3824,31.866666666666667,0,p2,0,p2,0,p2,1,d3,1,d3,1,d3
3832,31.933333333333334,0,p2,0,p2,0,p2,1,d3,1,d3,1,d3
3840,32.0,0,p2,0,p2,0,p2,1,d3,1,d3,1,d3
3848,32.06666666666667,0,p2,0,p2,0,p2,1,d3,1,d3,1,d3
3856,32.13333333333333,0,p2,0,p2,0,p2,1,d3,1,d3,1,d3
3864,32.2,0,p2,0,p2,0,p2,1,d3,1,d3,1,d3
3872,32.266666666666666,0,p2,0,p2,0,p2,1,d3,1,d3,1,d3
3880,32.333333333333336,0,p2,0,p2,0,p2,1,d3,1,d3,1,d3
3888,32.4,0,p2,0,p2,0,p2,1,d3,1,d3,1,d3
3896,32.46666666666667,0,p2,0,p2,0,p2,1,d3,1,d3,1,d3
3904,32.53333333333333,0,p2,0,p2,0,p2,1,d3,1,d3,1,d3
3912,32.6,0,p2,0,p2,0,p2,1,d3,1,d3,1,d3
3920,32.666666666666664,0,p2,0,p2,0,p2,1,d3,1,d3,1,d3
3928,32.733333333333334,0,p2,0,p2,0,p2,1,d3,1,d3,1,d3
3936,32.8,0,p2,0,p2,0,p2,1,d3,1,d3,1,d3
3944,32.86666666666667,0,p2,0,p2,0,p2,1,d3,1,d3,1,d3
3952,32.93333333333333,0,p2,0,p2,0,p2,1,d3,1,d3,1,d3
3960,33.0,0,p2,0,p2,0,p2,1,d3,1,d3,1,d3
3968,33.06666666666667,0,p2,0,p2,0,p2,1,d3,1,d3,1,d3
3976,33.13333333333333,0,p2,0,p2,0,p2,1,d3,1,d3,1,d3
3984,33.2,0,p2,0,p2,0,p2,1,d3,1,d3,1,d3
3992,33.266666666666666,0,p2,0,p2,0,p2,1,d3,1,d3,1,d3
4000,33.333333333333336,0,p2,0,p2,0,p2,1,d3,1,d3,1,d3
4008,33.4,0,p2,0,p2,0,p2,1,d3,1,d3,1,d3
4016,33.46666666666667,0,p2,0,p2,0,p2,1,d3,1,d3,1,d3
4024,33.53333333333333,0,p2,0,p2,0,p2,1,d3,1,d3,1,d3
4032,33.6,0,p2,0,p2,0,p2,1,d3,1,d3,1,d3
4040,33.666666666666664,0,p2,0,p2,0,p2,1,d3,1,d3,1,d3
4048,33.733333333333334,0,p2,0,p2,0,p2,1,d3,1,d3,1,d3
4056,33.8,0,p2,0,p2,0,p2,1,d3,1,d3,1,d3
4064,33.86666666666667,0,p2,0,p2,0,p2,1,d3,1,d3,1,d3
4072,33.93333333333333,0,p2,0,p2,0,p2,1,d3,1,d3,1,d3
4080,34.0,0,p2,0,p2,0,p2,1,d3,1,d3,1,d3
4088,34.06666666666667,0,p2,0,p2,0,p2,1,d3,1,d3,1,d3
4096,34.13333333333333,0,p2,0,p2,0,p2,1,d3,1,d3,1,d3
4104,34.2,0,p2,0,p2,0,p2,1,d3,1,d3,1,d3
4112,34.266666666666666,0,p2,0,p2,0,p2,1,d3,1,d3,1,d3
4120,34.333333333333336,0,p2,0,p2,0,p2,1,d3,1,d3,1,d3
4128,34.4,0,p2,0,p2,0,p2,1,d3,1,d3,1,d3
4136,34.46666666666667,0,p2,0,p2,0,p2,1,d3,1,d3,1,d3
4144,34.53333333333333,0,p2,0,p2,0,p2,1,d3,1,d3,1,d3
4152,34.6,0,p2,0,p2,0,p2,1,d3,1,d3,1,d3
4160,34.666666666666664,0,p2,0,p2,0,p2,1,d3,1,d3,1,d3
4168,34.733333333333334,0,p2,0,p2,0,p2,1,d3,1,d3,1,d3
4176,34.8,0,p2,0,p2,0,p2,1,d3,1,d3,1,d3
4184,34.86666666666667,0,p2,0,p2,0,p2,1,d3,1,d3,1,d3
4192,34.93333333333333,0,p2,0,p2,0,p2,1,d3,1,d3,1,d3
4200,35.0,0,p2,0,p2,0,p2,1,d3,1,d3,1,d3
4208,35.06666666666667,0,p2,0,p2,0,p2,1,d3,1,d3,1,d3
4216,35.13333333333333,0,p2,0,p2,0,p2,1,d3,1,d3,1,d3
4224,35.2,0,p2,0,p2,0,p2,1,d3,1,d3,1,d3
4232,35.266666666666666,0,p2,0,p2,0,p2,1,d3,1,d3,1,d3
4240,35.333333333333336,0,p2,0,p2,0,p2,1,d3,1,d3,1,d3
4248,35.4,0,p2,0,p2,0,p2,1,d3,1,d3,1,d3
4256,35.46666666666667,0,p2,0,p2,0,p2,1,d3,1,d3,1,d3
4264,35.53333333333333,0,p2,0,p2,0,p2,1,d3,1,d3,1,d3
4272,35.6,0,p2,0,p2,0,p2,1,d3,1,d3,1,d3
4280,35.666666666666664,0,p2,0,p2,0,p2,1,d3,1,d3,1,d3
4288,35.733333333333334,0,p2,0,p2,0,p2,1,d3,1,d3,1,d3
4296,35.8,0,p2,0,p2,0,p2,1,d3,1,d3,1,d3
4304,35.86666666666667,0,p2,0,p2,0,p2,1,d3,1,d3,1,d3
4312,35.93333333333333,0,p2,0,p2,0,p2,1,d3,1,d3,1,d3
4320,36.0,0,p2,0,p2,0,p2,1,d3,1,d3,1,d3
4328,36.06666666666667,0,p2,0,p2,0,p2,1,d3,1,d3,1,d3
4336,36.13333333333333,0,p2,0,p2,0,p2,1,d3,1,d3,1,d3
4344,36.2,0,p2,0,p2,0,p2,1,d3,1,d3,1,d3
4352,36.266666666666666,0,p2,0,p2,0,p2,1,d3,1,d3,1,d3
4360,36.333333333333336,0,p2,0,p2,0,p2,1,d3,1,d3,1,d3
4368,36.4,0,p2,0,p2,0,p2,1,d3,1,d3,1,d3
4376,36.46666666666667,0,p2,0,p2,0,p2,1,d3,1,d3,1,d3
4384,36.53333333333333,0,p2,0,p2,0,p2,1,d3,1,d3,1,d3
4392,36.6,0,p2,0,p2,0,p2,1,d3,1,d3,1,d3
4400,36.666666666666664,0,p2,0,p2,0,p2,1,d3,1,d3,1,d3
4408,36.733333333333334,0,p2,0,p2,0,p2,1,d3,1,d3,1,d3
4416,36.8,0,p2,0,p2,0,p2,1,d3,1,d3,1,d3
4424,36.86666666666667,0,p2,0,p2,0,p2,1,d3,1,d3,1,d3
4432,36.93333333333333,0,p2,0,p2,0,p2,1,d3,1,d3,1,d3
4440,37.0,0,p2,0,p2,0,p2,1,d3,1,d3,1,d3
4448,37.06666666666667,0,p2,0,p2,0,p2,1,d3,1,d3,1,d3
4456,37.13333333333333,0,p2,0,p2,0,p2,1,d3,1,d3,1,d3
4464,37.2,0,p2,0,p2,0,p2,1,d3,1,d3,1,d3
4472,37.266666666666666,0,p2,0,p2,0,p2,1,d3,1,d3,1,d3
4480,37.333333333333336,0,p2,0,p2,0,p2,1,d3,1,d3,1,d3
4488,37.4,0,p2,0,p2,0,p2,1,d3,1,d3,1,d3
4496,37.46666666666667,0,p2,0,p2,0,p2,1,d3,1,d3,1,d3
4504,37.53333333333333,0,p2,0,p2,0,p2,1,d3,1,d3,1,d3
4512,37.6,0,p2,0,p2,0,p2,1,d3,1,d3,1,d3
4520,37.666666666666664,0,p2,0,p2,0,p2,1,d3,1,d3,1,d3
4528,37.733333333333334,0,p2,0,p2,0,p2,1,d3,1,d3,1,d3
4536,37.8,0,p2,0,p2,0,p2,1,d3,1,d3,1,d3
4544,37.86666666666667,0,p2,0,p2,0,p2,1,d3,1,d3,1,d3
4552,37.93333333333333,0,p2,0,p2,0,p2,1,d3,1,d3,1,d3
4560,38.0,0,p2,0,p2,0,p2,1,d3,1,d3,1,d3
4568,38.06666666666667,0,p2,0,p2,0,p2,1,d3,1,d3,1,d3
4576,38.13333333333333,0,p2,0,p2,0,p2,1,d3,1,d3,1,d3
4584,38.2,0,p2,0,p2,0,p2,1,d3,1,d3,1,d3
4592,38.266666666666666,0,p2,0,p2,0,p2,1,d3,1,d3,1,d3
4600,38.333333333333336,0,p2,0,p2,0,p2,1,d3,1,d3,1,d3
4608,38.4,0,p2,0,p2,0,p2,1,d3,1,d3,1,d3
4616,38.46666666666667,0,p2,0,p2,0,p2,1,d3,1,d3,1,d3
4624,38.53333333333333,0,p2,0,p2,0,p2,1,d3,1,d3,1,d3
4632,38.6,0,p2,0,p2,0,p2,1,d3,1,d3,1,d3
4640,38.666666666666664,0,p2,0,p2,0,p2,1,d3,1,d3,1,d3
4648,38.733333333333334,0,p2,0,p2,0,p2,1,d3,1,d3,1,d3
4656,38.8,0,p2,0,p2,0,p2,1,d3,1,d3,1,d3
4664,38.86666666666667,0,p2,0,p2,0,p2,1,d3,1,d3,1,d3
4672,38.93333333333333,0,p2,0,p2,0,p2,1,d3,1,d3,1,d3
4680,39.0,0,p2,0,p2,0,p2,1,d3,1,d3,1,d3
4688,39.06666666666667,0,p2,0,p2,0,p2,1,d3,1,d3,1,d3
4696,39.13333333333333,0,p2,0,p2,0,p2,1,d3,1,d3,1,d3
4704,39.2,0,p2,0,p2,0,p2,1,d3,1,d3,1,d3
4712,39.266666666666666,0,p2,0,p2,0,p2,1,d3,1,d3,1,d3
4720,39.333333333333336,0,p2,0,p2,0,p2,1,d3,1,d3,1,d3
4728,39.4,0,p2,0,p2,0,p2,1,d3,1,d3,1,d3
4736,39.46666666666667,0,p2,0,p2,0,p2,1,d3,1,d3,1,d3
4744,39.53333333333333,0,p2,0,p2,0,p2,1,d3,1,d3,1,d3
4752,39.6,0,p2,0,p2,0,p2,1,d3,1,d3,1,d3
4760,39.666666666666664,0,p2,0,p2,0,p2,1,d3,1,d3,1,d3
4768,39.733333333333334,0,p2,0,p2,0,p2,1,d3,1,d3,1,d3
4776,39.8,0,p2,0,p2,0,p2,1,d3,1,d3,1,d3
4784,39.86666666666667,0,p2,0,p2,0,p2,1,d3,1,d3,1,d3
4792,39.93333333333333,0,p2,0,p2,0,p2,1,d3,1,d3,1,d3
4800,40.0,0,p2,0,p2,0,p2,1,d3,1,d3,1,d3
4808,40.06666666666667,0,p2,0,p2,0,p2,1,d3,1,d3,1,d3
4816,40.13333333333333,0,p2,0,p2,0,p2,1,d3,1,d3,1,d3
4824,40.2,0,p2,0,p2,0,p2,1,d3,1,d3,1,d3
4832,40.266666666666666,0,p2,0,p2,0,p2,1,d3,1,d3,1,d3
4840,40.333333333333336,0,p2,0,p2,0,p2,1,d3,1,d3,1,d3
4848,40.4,0,p2,0,p2,0,p2,1,d3,1,d3,1,d3
4856,40.46666666666667,0,p2,0,p2,0,p2,1,d3,1,d3,1,d3
4864,40.53333333333333,0,p2,0,p2,0,p2,1,d3,1,d3,1,d3
4872,40.6,0,p2,0,p2,0,p2,1,d3,1,d3,1,d3
4880,40.666666666666664,0,p2,0,p2,0,p2,1,d3,1,d3,1,d3
4888,40.733333333333334,0,p2,0,p2,0,p2,1,d3,1,d3,1,d3
4896,40.8,0,p2,0,p2,0,p2,1,d3,1,d3,1,d3
4904,40.86666666666667,0,p2,0,p2,0,p2,1,d3,1,d3,1,d3
4912,40.93333333333333,0,p2,0,p2,0,p2,1,d3,1,d3,1,d3
4920,41.0,0,p2,0,p2,0,p2,1,d3,1,d3,1,d3
4928,41.06666666666667,0,p2,0,p2,0,p2,1,d3,1,d3,1,d3
4936,41.13333333333333,0,p2,0,p2,0,p2,1,d3,1,d3,1,d3
4944,41.2,0,p2,0,p2,0,p2,1,d3,1,d3,1,d3
4952,41.266666666666666,0,p2,0,p2,0,p2,1,d3,1,d3,1,d3
4960,41.333333333333336,0,p2,0,p2,0,p2,1,d3,1,d3,1,d3
4968,41.4,0,p2,0,p2,0,p2,1,d3,1,d3,1,d3
4976,41.46666666666667,0,p2,0,p2,0,p2,1,d3,1,d3,1,d3
4984,41.53333333333333,0,p2,0,p2,0,p2,1,d3,1,d3,1,d3
4992,41.6,0,p2,0,p2,0,p2,1,d3,1,d3,1,d3
5000,41.666666666666664,0,p2,0,p2,0,p2,1,d3,1,d3,1,d3
5008,41.733333333333334,0,p2,0,p2,0,p2,1,d3,1,d3,1,d3
5016,41.8,0,p2,0,p2,0,p2,1,d3,1,d3,1,d3
5024,41.86666666666667,0,p2,0,p2,0,p2,1,d3,1,d3,1,d3
5032,41.93333333333333,0,p2,0,p2,0,p2,1,d3,1,d3,1,d3
5040,42.0,0,p2,0,p2,0,p2,1,d3,1,d3,1,d3
5048,42.06666666666667,0,p2,0,p2,0,p2,1,d3,1,d3,1,d3
5056,42.13333333333333,0,p2,0,p2,0,p2,1,d3,1,d3,1,d3
5064,42.2,0,p2,0,p2,0,p2,1,d3,1,d3,1,d3
5072,42.266666666666666,0,p2,0,p2,0,p2,1,d3,1,d3,1,d3
5080,42.333333333333336,0,p2,0,p2,0,p2,1,d3,1,d3,1,d3
5088,42.4,0,p2,0,p2,0,p2,1,d3,1,d3,1,d3
5096,42.46666666666667,0,p2,0,p2,0,p2,1,d3,1,d3,1,d3
5104,42.53333333333333,0,p2,0,p2,0,p2,1,d3,1,d3,1,d3
5112,42.6,0,p2,0,p2,0,p2,1,d3,1,d3,1,d3
5120,42.666666666666664,0,p2,0,p2,0,p2,1,d3,1,d3,1,d3
5128,42.733333333333334,0,p2,0,p2,0,p2,1,d3,1,d3,1,d3
5136,42.8,0,p2,0,p2,0,p2,1,d3,1,d3,1,d3
5144,42.86666666666667,0,p2,0,p2,0,p2,1,d3,1,d3,1,d3
5152,42.93333333333333,0,p2,0,p2,0,p2,1,d3,1,d3,1,d3
5160,43.0,0,p2,0,p2,0,p2,1,d3,1,d3,1,d3
5168,43.06666666666667,0,p2,0,p2,0,p2,1,d3,1,d3,1,d3
5176,43.13333333333333,0,p2,0,p2,0,p2,1,d3,1,d3,1,d3
5184,43.2,0,p2,0,p2,0,p2,1,d3,1,d3,1,d3
5192,43.266666666666666,0,p2,0,p2,0,p2,1,d3,1,d3,1,d3
5200,43.333333333333336,0,p2,0,p2,0,p2,1,d3,1,d3,1,d3
5208,43.4,0,p2,0,p2,0,p2,1,d3,1,d3,1,d3
5216,43.46666666666667,0,p2,0,p2,0,p2,1,d3,1,d3,1,d3
5224,43.53333333333333,0,p2,0,p2,0,p2,1,d3,1,d3,1,d3
5232,43.6,0,p2,0,p2,0,p2,1,d3,1,d3,1,d3
5240,43.666666666666664,0,p2,0,p2,0,p2,1,d3,1,d3,1,d3
5248,43.733333333333334,0,p2,0,p2,0,p2,1,d3,1,d3,1,d3
5256,43.8,0,p2,0,p2,0,p2,1,d3,1,d3,1,d3
5264,43.86666666666667,0,p2,0,p2,0,p2,1,d3,1,d3,1,d3
5272,43.93333333333333,0,p2,0,p2,0,p2,1,d3,1,d3,1,d3
5280,44.0,0,p2,0,p2,0,p2,1,d3,1,d3,1,d3
5288,44.06666666666667,0,p2,0,p2,0,p2,1,d3,1,d3,1,d3
5296,44.13333333333333,0,p2,0,p2,0,p2,1,d3,1,d3,1,d3
5304,44.2,0,p2,0,p2,0,p2,1,d3,1,d3,1,d3
5312,44.266666666666666,0,p2,0,p2,0,p2,1,d3,1,d3,1,d3
5320,44.333333333333336,0,p2,0,p2,0,p2,1,d3,1,d3,1,d3
5328,44.4,0,p2,0,p2,0,p2,1,d3,1,d3,1,d3
5336,44.46666666666667,0,p2,0,p2,0,p2,1,d3,1,d3,1,d3
5344,44.53333333333333,0,p2,0,p2,0,p2,1,d3,1,d3,1,d3
5352,44.6,0,p2,0,p2,0,p2,1,d3,1,d3,1,d3
5360,44.666666666666664,0,p2,0,p2,0,p2,1,d3,1,d3,1,d3
5368,44.733333333333334,0,p2,0,p2,0,p2,1,d3,1,d3,1,d3
5376,44.8,0,p2,0,p2,0,p2,1,d3,1,d3,1,d3
5384,44.86666666666667,0,p2,0,p2,0,p2,1,d3,1,d3,1,d3
5392,44.93333333333333,0,p2,0,p2,0,p2,1,d3,1,d3,1,d3
5400,45.0,0,p2,0,p2,0,p2,1,d3,1,d3,1,d3
5408,45.06666666666667,0,p2,0,p2,0,p2,1,d3,1,d3,1,d3
5416,45.13333333333333,0,p2,0,p2,0,p2,1,d3,1,d3,1,d3
5424,45.2,0,p2,0,p2,0,p2,1,d3,1,d3,1,d3
5432,45.266666666666666,0,p2,0,p2,0,p2,1,d3,1,d3,1,d3
5440,45.333333333333336,0,p2,0,p2,0,p2,1,d3,1,d3,1,d3
5448,45.4,0,p2,0,p2,0,p2,1,d3,1,d3,1,d3
5456,45.46666666666667,0,p2,0,p2,0,p2,1,d3,1,d3,1,d3
5464,45.53333333333333,0,p2,0,p2,0,p2,1,d3,1,d3,1,d3
5472,45.6,0,p2,0,p2,0,p2,1,d3,1,d3,1,d3
5480,45.666666666666664,0,p2,0,p2,0,p2,1,d3,1,d3,1,d3
5488,45.733333333333334,0,p2,0,p2,0,p2,1,d3,1,d3,1,d3
5496,45.8,0,p2,0,p2,0,p2,1,d3,1,d3,1,d3
5504,45.86666666666667,0,p2,0,p2,0,p2,1,d3,1,d3,1,d3
5512,45.93333333333333,0,p2,0,p2,0,p2,1,d3,1,d3,1,d3
5520,46.0,0,p2,0,p2,0,p2,1,d3,1,d3,1,d3
5528,46.06666666666667,0,p2,0,p2,0,p2,1,d3,1,d3,1,d3
5536,46.13333333333333,0,p2,0,p2,0,p2,1,d3,1,d3,1,d3
5544,46.2,0,p2,0,p2,0,p2,1,d3,1,d3,1,d3
5552,46.266666666666666,0,p2,0,p2,0,p2,1,d3,1,d3,1,d3
5560,46.333333333333336,0,p2,0,p2,0,p2,1,d3,1,d3,1,d3
5568,46.4,0,p2,0,p2,0,p2,1,d3,1,d3,1,d3
5576,46.46666666666667,0,p2,0,p2,0,p2,1,d3,1,d3,1,d3
5584,46.53333333333333,0,p2,0,p2,0,p2,1,d3,1,d3,1,d3
5592,46.6,0,p2,0,p2,0,p2,1,d3,1,d3,1,d3
5600,46.666666666666664,0,p2,0,p2,0,p2,1,d3,1,d3,1,d3
5608,46.733333333333334,0,p2,0,p2,0,p2,1,d3,1,d3,1,d3
5616,46.8,0,p2,0,p2,0,p2,1,d3,1,d3,1,d3
5624,46.86666666666667,0,p2,0,p2,0,p2,1,d3,1,d3,1,d3
5632,46.93333333333333,0,p2,0,p2,0,p2,1,d3,1,d3,1,d3
5640,47.0,0,p2,0,p2,0,p2,1,d3,1,d3,1,d3
5648,47.06666666666667,0,p2,0,p2,0,p2,1,d3,1,d3,1,d3
5656,47.13333333333333,0,p2,0,p2,0,p2,1,d3,1,d3,1,d3
5664,47.2,0,p2,0,p2,0,p2,1,d3,1,d3,1,d3
5672,47.266666666666666,0,p2,0,p2,0,p2,1,d3,1,d3,1,d3
5680,47.333333333333336,0,p2,0,p2,0,p2,1,d3,1,d3,1,d3
5688,47.4,0,p2,0,p2,0,p2,1,d3,1,d3,1,d3
5696,47.46666666666667,0,p2,0,p2,0,p2,1,d3,1,d3,1,d3
5704,47.53333333333333,0,p2,0,p2,0,p2,1,d3,1,d3,1,d3
5712,47.6,0,p2,0,p2,0,p2,1,d3,1,d3,1,d3
5720,47.666666666666664,0,p2,0,p2,0,p2,1,d3,1,d3,1,d3
5728,47.733333333333334,0,p2,0,p2,0,p2,1,d3,1,d3,1,d3
5736,47.8,0,p2,0,p2,0,p2,1,d3,1,d3,1,d3
5744,47.86666666666667,0,p2,0,p2,0,p2,1,d3,1,d3,1,d3
5752,47.93333333333333,0,p2,0,p2,0,p2,1,d3,1,d3,1,d3
5760,48.0,0,p2,0,p2,0,p2,1,d3,1,d3,1,d3
5768,48.06666666666667,0,p2,0,p2,0,p2,1,d3,1,d3,1,d3
5776,48.13333333333333,0,p2,0,p2,0,p2,1,d3,1,d3,1,d3
5784,48.2,0,p2,0,p2,0,p2,1,d3,1,d3,1,d3
5792,48.266666666666666,0,p2,0,p2,0,p2,1,d3,1,d3,1,d3
5800,48.333333333333336,0,p2,0,p2,0,p2,1,d3,1,d3,1,d3
5808,48.4,0,p2,0,p2,0,p2,1,d3,1,d3,1,d3
5816,48.46666666666667,0,p2,0,p2,0,p2,1,d3,1,d3,1,d3
5824,48.53333333333333,0,p2,0,p2,0,p2,1,d3,1,d3,1,d3
5832,48.6,0,p2,0,p2,0,p2,1,d3,1,d3,1,d3
5840,48.666666666666664,0,p2,0,p2,0,p2,1,d3,1,d3,1,d3
5848,48.733333333333334,0,p2,0,p2,0,p2,1,d3,1,d3,1,d3
5856,48.8,0,p2,0,p2,0,p2,1,d3,1,d3,1,d3
5864,48.86666666666667,0,p2,0,p2,0,p2,1,d3,1,d3,1,d3
5872,48.93333333333333,0,p2,0,p2,0,p2,1,d3,1,d3,1,d3
5880,49.0,0,p2,0,p2,0,p2,1,d3,1,d3,1,d3
5888,49.06666666666667,0,p2,0,p2,0,p2,1,d3,1,d3,1,d3
5896,49.13333333333333,0,p2,0,p2,0,p2,1,d3,1,d3,1,d3
5904,49.2,0,p2,0,p2,0,p2,1,d3,1,d3,1,d3
5912,49.266666666666666,0,p2,0,p2,0,p2,1,d3,1,d3,1,d3
5920,49.333333333333336,0,p2,0,p2,0,p2,1,d3,1,d3,1,d3
5928,49.4,0,p2,0,p2,0,p2,1,d3,1,d3,1,d3
5936,49.46666666666667,0,p2,0,p2,0,p2,1,d3,1,d3,1,d3
5944,49.53333333333333,0,p2,0,p2,0,p2,1,d3,1,d3,1,d3
5952,49.6,0,p2,0,p2,0,p2,1,d3,1,d3,1,d3
5960,49.666666666666664,0,p2,0,p2,0,p2,1,d3,1,d3,1,d3
5968,49.733333333333334,0,p2,0,p2,0,p2,1,d3,1,d3,1,d3
5976,49.8,0,p2,0,p2,0,p2,1,d3,1,d3,1,d3
5984,49.86666666666667,0,p2,0,p2,0,p2,1,d3,1,d3,1,d3
5992,49.93333333333333,0,p2,0,p2,0,p2,1,d3,1,d3,1,d3
6000,50.0,0,p2,0,p2,0,p2,1,d3,1,d3,1,d3
6008,50.06666666666667,0,p2,0,p2,0,p2,1,d3,1,d3,1,d3
6016,50.13333333333333,0,p2,0,p2,0,p2,1,d3,1,d3,1,d3
6024,50.2,0,p2,0,p2,0,p2,1,d3,1,d3,1,d3
6032,50.266666666666666,0,p2,0,p2,0,p2,1,d3,1,d3,1,d3
6040,50.333333333333336,0,p2,0,p2,0,p2,1,d3,1,d3,1,d3
6048,50.4,0,p2,0,p2,0,p2,1,d3,1,d3,1,d3
6056,50.46666666666667,0,p2,0,p2,0,p2,1,d3,1,d3,1,d3
6064,50.53333333333333,0,p2,0,p2,0,p2,1,d3,1,d3,1,d3
6072,50.6,0,p2,0,p2,0,p2,1,d3,1,d3,1,d3
6080,50.666666666666664,0,p2,0,p2,0,p2,1,d3,1,d3,1,d3
6088,50.733333333333334,0,p2,0,p2,0,p2,1,d3,1,d3,1,d3
6096,50.8,0,p2,0,p2,0,p2,1,d3,1,d3,1,d3
6104,50.86666666666667,0,p2,0,p2,0,p2,1,d3,1,d3,1,d3
6112,50.93333333333333,0,p2,0,p2,0,p2,1,d3,1,d3,1,d3
6120,51.0,0,p2,0,p2,0,p2,1,d3,1,d3,1,d3
6128,51.06666666666667,0,p2,0,p2,0,p2,1,d3,1,d3,1,d3
6136,51.13333333333333,0,p2,0,p2,0,p2,1,d3,1,d3,1,d3
6144,51.2,0,p2,0,p2,0,p2,1,d3,1,d3,1,d3
6152,51.266666666666666,0,p2,0,p2,0,p2,1,d3,1,d3,1,d3
6160,51.333333333333336,0,p2,0,p2,0,p2,1,d3,1,d3,1,d3
6168,51.4,0,p2,0,p2,0,p2,1,d3,1,d3,1,d3
6176,51.46666666666667,0,p2,0,p2,0,p2,1,d3,1,d3,1,d3
6184,51.53333333333333,0,p2,0,p2,0,p2,1,d3,1,d3,1,d3
6192,51.6,0,p2,0,p2,0,p2,1,d3,1,d3,1,d3
6200,51.666666666666664,0,p2,0,p2,0,p2,1,d3,1,d3,1,d3
6208,51.733333333333334,0,p2,0,p2,0,p2,1,d3,1,d3,1,d3
6216,51.8,0,p2,0,p2,0,p2,1,d3,1,d3,1,d3
6224,51.86666666666667,0,p2,0,p2,0,p2,1,d3,1,d3,1,d3
6232,51.93333333333333,0,p2,0,p2,0,p2,1,d3,1,d3,1,d3
6240,52.0,0,p2,0,p2,0,p2,1,d3,1,d3,1,d3
6248,52.06666666666667,0,p2,0,p2,0,p2,1,d3,1,d3,1,d3
6256,52.13333333333333,0,p2,0,p2,0,p2,1,d3,1,d3,1,d3
6264,52.2,0,p2,0,p2,0,p2,1,d3,1,d3,1,d3
6272,52.266666666666666,0,p2,0,p2,0,p2,1,d3,1,d3,1,d3
6280,52.333333333333336,0,p2,0,p2,0,p2,1,d3,1,d3,1,d3
6288,52.4,0,p2,0,p2,0,p2,1,d3,1,d3,1,d3
6296,52.46666666666667,0,p2,0,p2,0,p2,1,d3,1,d3,1,d3
6304,52.53333333333333,0,p2,0,p2,0,p2,1,d3,1,d3,1,d3
6312,52.6,0,p2,0,p2,0,p2,1,d3,1,d3,1,d3
6320,52.666666666666664,0,p2,0,p2,0,p2,1,d3,1,d3,1,d3
6328,52.733333333333334,0,p2,0,p2,0,p2,1,d3,1,d3,1,d3
6336,52.8,0,p2,0,p2,0,p2,1,d3,1,d3,1,d3
6344,52.86666666666667,0,p2,0,p2,0,p2,1,d3,1,d3,1,d3
6352,52.93333333333333,0,p2,0,p2,0,p2,1,d3,1,d3,1,d3
6360,53.0,0,p2,0,p2,0,p2,1,d3,1,d3,1,d3
6368,53.06666666666667,0,p2,0,p2,0,p2,1,d3,1,d3,1,d3
6376,53.13333333333333,0,p2,0,p2,0,p2,1,d3,1,d3,1,d3
6384,53.2,0,p2,0,p2,0,p2,1,d3,1,d3,1,d3
6392,53.266666666666666,0,p2,0,p2,0,p2,1,d3,1,d3,1,d3
6400,53.333333333333336,0,p2,0,p2,0,p2,1,d3,1,d3,1,d3
6408,53.4,0,p2,0,p2,0,p2,1,d3,1,d3,1,d3
6416,53.46666666666667,0,p2,0,p2,0,p2,1,d3,1,d3,1,d3
6424,53.53333333333333,0,p2,0,p2,0,p2,1,d3,1,d3,1,d3
6432,53.6,0,p2,0,p2,0,p2,1,d3,1,d3,1,d3
6440,53.666666666666664,0,p2,0,p2,0,p2,1,d3,1,d3,1,d3
6448,53.733333333333334,0,p2,0,p2,0,p2,1,d3,1,d3,1,d3
6456,53.8,0,p2,0,p2,0,p2,1,d3,1,d3,1,d3
6464,53.86666666666667,0,p2,0,p2,0,p2,1,d3,1,d3,1,d3
6472,53.93333333333333,0,p2,0,p2,0,p2,1,d3,1,d3,1,d3
6480,54.0,0,p2,0,p2,0,p2,1,d3,1,d3,1,d3
6488,54.06666666666667,0,p2,0,p2,0,p2,1,d3,1,d3,1,d3
6496,54.13333333333333,0,p2,0,p2,0,p2,1,d3,1,d3,1,d3
6504,54.2,0,p2,0,p2,0,p2,1,d3,1,d3,1,d3
6512,54.266666666666666,0,p2,0,p2,0,p2,1,d3,1,d3,1,d3
6520,54.333333333333336,0,p2,0,p2,0,p2,1,d3,1,d3,1,d3
6528,54.4,0,p2,0,p2,0,p2,1,d3,1,d3,1,d3
6536,54.46666666666667,0,p2,0,p2,0,p2,1,d3,1,d3,1,d3
6544,54.53333333333333,0,p2,0,p2,0,p2,1,d3,1,d3,1,d3
6552,54.6,0,p2,0,p2,0,p2,1,d3,1,d3,1,d3
6560,54.666666666666664,0,p2,0,p2,0,p2,1,d3,1,d3,1,d3
6568,54.733333333333334,0,p2,0,p2,0,p2,1,d3,1,d3,1,d3
6576,54.8,0,p2,0,p2,0,p2,1,d3,1,d3,1,d3
6584,54.86666666666667,0,p2,0,p2,0,p2,1,d3,1,d3,1,d3
6592,54.93333333333333,0,p2,0,p2,0,p2,1,d3,1,d3,1,d3
6600,55.0,0,p2,0,p2,0,p2,1,d3,1,d3,1,d3
6608,55.06666666666667,0,p2,0,p2,0,p2,1,d3,1,d3,1,d3
6616,55.13333333333333,0,p2,0,p2,0,p2,1,d3,1,d3,1,d3
6624,55.2,0,p2,0,p2,0,p2,1,d3,1,d3,1,d3
6632,55.266666666666666,0,p2,0,p2,0,p2,1,d3,1,d3,1,d3
6640,55.333333333333336,0,p2,0,p2,0,p2,1,d3,1,d3,1,d3
6648,55.4,0,p2,0,p2,0,p2,1,d3,1,d3,1,d3
6656,55.46666666666667,0,p2,0,p2,0,p2,1,d3,1,d3,1,d3
6664,55.53333333333333,0,p2,0,p2,0,p2,1,d3,1,d3,1,d3
6672,55.6,0,p2,0,p2,0,p2,1,d3,1,d3,1,d3
6680,55.666666666666664,0,p2,0,p2,0,p2,1,d3,1,d3,1,d3
6688,55.733333333333334,0,p2,0,p2,0,p2,1,d3,1,d3,1,d3
6696,55.8,0,p2,0,p2,0,p2,1,d3,1,d3,1,d3
6704,55.86666666666667,0,p2,0,p2,0,p2,1,d3,1,d3,1,d3
6712,55.93333333333333,0,p2,0,p2,0,p2,1,d3,1,d3,1,d3
6720,56.0,0,p2,0,p2,0,p2,1,d3,1,d3,1,d3
6728,56.06666666666667,0,p2,0,p2,0,p2,1,d3,1,d3,1,d3
6736,56.13333333333333,0,p2,0,p2,0,p2,1,d3,1,d3,1,d3
6744,56.2,0,p2,0,p2,0,p2,1,d3,1,d3,1,d3
6752,56.266666666666666,0,p2,0,p2,0,p2,1,d3,1,d3,1,d3
6760,56.333333333333336,0,p2,0,p2,0,p2,1,d3,1,d3,1,d3
6768,56.4,0,p2,0,p2,0,p2,1,d3,1,d3,1,d3
6776,56.46666666666667,0,p2,0,p2,0,p2,1,d3,1,d3,1,d3
6784,56.53333333333333,0,p2,0,p2,0,p2,1,d3,1,d3,1,d3
6792,56.6,0,p2,0,p2,0,p2,1,d3,1,d3,1,d3
6800,56.666666666666664,0,p2,0,p2,0,p2,1,d3,1,d3,1,d3
6808,56.733333333333334,0,p2,0,p2,0,p2,1,d3,1,d3,1,d3
6816,56.8,0,p2,0,p2,0,p2,1,d3,1,d3,1,d3
6824,56.86666666666667,0,p2,0,p2,0,p2,1,d3,1,d3,1,d3
6832,56.93333333333333,0,p2,0,p2,0,p2,1,d3,1,d3,1,d3
6840,57.0,0,p2,0,p2,0,p2,1,d3,1,d3,1,d3
6848,57.06666666666667,0,p2,0,p2,0,p2,1,d3,1,d3,1,d3
6856,57.13333333333333,0,p2,0,p2,0,p2,1,d3,1,d3,1,d3
6864,57.2,0,p2,0,p2,0,p2,1,d3,1,d3,1,d3
6872,57.266666666666666,0,p2,0,p2,0,p2,1,d3,1,d3,1,d3
6880,57.333333333333336,0,p2,0,p2,0,p2,1,d3,1,d3,1,d3
6888,57.4,0,p2,0,p2,0,p2,1,d3,1,d3,1,d3
6896,57.46666666666667,0,p2,0,p2,0,p2,1,d3,1,d3,1,d3
6904,57.53333333333333,0,p2,0,p2,0,p2,1,d3,1,d3,1,d3
6912,57.6,0,p2,0,p2,0,p2,1,d3,1,d3,1,d3
6920,57.666666666666664,0,p2,0,p2,0,p2,1,d3,1,d3,1,d3
6928,57.733333333333334,0,p2,0,p2,0,p2,1,d3,1,d3,1,d3
6936,57.8,0,p2,0,p2,0,p2,1,d3,1,d3,1,d3
6944,57.86666666666667,0,p2,0,p2,0,p2,1,d3,1,d3,1,d3
6952,57.93333333333333,0,p2,0,p2,0,p2,1,d3,1,d3,1,d3
6960,58.0,0,p2,0,p2,0,p2,1,d3,1,d3,1,d3
6968,58.06666666666667,0,p2,0,p2,0,p2,1,d3,1,d3,1,d3
6976,58.13333333333333,0,d1,0,d1,0,d1,1,d3,1,d3,1,d3
6984,58.2,0,d1,0,d1,0,d1,1,d3,1,d3,1,d3
6992,58.266666666666666,0,d1,0,d1,0,d1,1,d3,1,d3,1,d3
7000,58.333333333333336,0,d1,0,d1,0,d1,1,d3,1,d3,1,d3
7008,58.4,0,d1,0,d1,0,d1,1,d3,1,d3,1,d3
7016,58.46666666666667,0,d1,0,d1,0,d1,1,d3,1,d3,1,d3
7024,58.53333333333333,0,d1,0,d1,0,d1,1,d3,1,d3,1,d3
7032,58.6,0,d1,0,d1,0,d1,1,d3,1,d3,1,d3
7040,58.666666666666664,0,d1,0,d1,0,d1,1,d3,1,d3,1,d3
7048,58.733333333333334,0,d1,0,d1,0,d1,1,d3,1,d3,1,d3
7056,58.8,0,d1,0,d1,0,d1,1,d3,1,d3,1,d3
7064,58.86666666666667,0,d1,0,d1,0,d1,1,d3,1,d3,1,d3
7072,58.93333333333333,0,d1,0,d1,0,d1,1,d3,1,d3,1,d3
7080,59.0,0,d1,0,d1,0,d1,1,d3,1,d3,1,d3
7088,59.06666666666667,0,d1,0,d1,0,d1,1,d3,1,d3,1,d3
7096,59.13333333333333,0,d1,0,d1,0,d1,1,d3,1,d3,1,d3
7104,59.2,0,d1,0,d1,0,d1,1,d3,1,d3,1,d3
7112,59.266666666666666,0,d1,0,d1,0,d1,1,d3,1,d3,1,d3
7120,59.333333333333336,0,d1,0,d1,0,d1,1,d3,1,d3,1,d3
7128,59.4,0,d1,0,d1,0,d1,1,d3,1,d3,1,d3
7136,59.46666666666667,0,d1,0,d1,0,d1,1,d3,1,d3,1,d3
7144,59.53333333333333,0,d1,0,d1,0,d1,1,d3,1,d3,1,d3
7152,59.6,0,d1,0,d1,0,d1,1,d3,1,d3,1,d3
7160,59.666666666666664,0,d1,0,d1,0,d1,1,d3,1,d3,1,d3
7168,59.733333333333334,0,d1,0,d1,0,d1,1,d3,1,d3,1,d3
7176,59.8,0,d1,0,d1,0,d1,1,d3,1,d3,1,d3
7184,59.86666666666667,0,d1,0,d1,0,d1,1,d3,1,d3,1,d3
7192,59.93333333333333,0,d1,0,d1,0,d1,1,d3,1,d3,1,d3
7200,60.0,0,d1,0,d1,0,d1,1,d3,1,d3,1,d3
7208,60.06666666666667,0,d1,0,d1,0,d1,1,d3,1,d3,1,d3
7216,60.13333333333333,0,d1,0,d1,0,d1,1,d3,1,d3,1,d3
7224,60.2,0,d1,0,d1,0,d1,1,d3,1,d3,1,d3
7232,60.266666666666666,0,d1,0,d1,0,d1,1,d3,1,d3,1,d3
7240,60.333333333333336,0,d1,0,d1,0,d1,1,d3,1,d3,1,d3
7248,60.4,0,d1,0,d1,0,d1,1,d3,1,d3,1,d3
7256,60.46666666666667,0,d1,0,d1,0,d1,1,d3,1,d3,1,d3
7264,60.53333333333333,0,d1,0,d1,0,d1,1,d3,1,d3,1,d3
7272,60.6,0,d1,0,d1,0,d1,1,d3,1,d3,1,d3
7280,60.666666666666664,0,d1,0,d1,0,d1,1,d3,1,d3,1,d3
7288,60.733333333333334,0,d1,0,d1,0,d1,1,d3,1,d3,1,d3
7296,60.8,0,d1,0,d1,0,d1,1,d3,1,d3,1,d3
7304,60.86666666666667,0,d1,0,d1,0,d1,1,d3,1,d3,1,d3
7312,60.93333333333333,0,d1,0,d1,0,d1,1,d3,1,d3,1,d3
7320,61.0,0,d1,0,d1,0,d1,1,d3,1,d3,1,d3
7328,61.06666666666667,0,d1,0,d1,0,d1,1,d3,1,d3,1,d3
7336,61.13333333333333,0,d1,0,d1,0,d1,1,d3,1,d3,1,d3
7344,61.2,0,d1,0,d1,0,d1,1,d3,1,d3,1,d3
7352,61.266666666666666,0,d1,0,d1,0,d1,1,d3,1,d3,1,d3
7360,61.333333333333336,0,d1,0,d1,0,d1,1,d3,1,d3,1,d3
7368,61.4,0,d1,0,d1,0,d1,1,d3,1,d3,1,d3
7376,61.46666666666667,0,d1,0,d1,0,d1,1,d3,1,d3,1,d3
7384,61.53333333333333,0,d1,0,d1,0,d1,1,d3,1,d3,1,d3
7392,61.6,0,d1,0,d1,0,d1,1,d3,1,d3,1,d3
7400,61.666666666666664,0,d1,0,d1,0,d1,1,d3,1,d3,1,d3
7408,61.733333333333334,0,d1,0,d1,0,d1,1,d3,1,d3,1,d3
7416,61.8,0,d1,0,d1,0,d1,1,d3,1,d3,1,d3
7424,61.86666666666667,0,d1,0,d1,0,d1,1,d3,1,d3,1,d3
7432,61.93333333333333,0,d1,0,d1,0,d1,1,d3,1,d3,1,d3
7440,62.0,0,d1,0,d1,0,d1,1,d3,1,d3,1,d3
7448,62.06666666666667,0,d1,0,d1,0,d1,1,d3,1,d3,1,d3
7456,62.13333333333333,0,s3,0,s3,0,s3,1,d3,1,d3,1,d3
7464,62.2,0,s3,0,s3,0,s3,1,d3,1,d3,1,d3
7472,62.266666666666666,0,s3,0,s3,0,s3,1,d3,1,d3,1,d3
7480,62.333333333333336,0,s3,0,s3,0,s3,1,d3,1,d3,1,d3
7488,62.4,0,s3,0,s3,0,s3,1,d3,1,d3,1,d3
7496,62.46666666666667,0,s3,0,s3,0,s3,1,d3,1,d3,1,d3
7504,62.53333333333333,0,s3,0,s3,0,s3,1,d3,1,d3,1,d3
7512,62.6,0,s3,0,s3,0,s3,1,d3,1,d3,1,d3
7520,62.666666666666664,0,s3,0,s3,0,s3,1,d3,1,d3,1,d3
7528,62.733333333333334,0,s3,0,s3,0,s3,1,d3,1,d3,1,d3
7536,62.8,0,s3,0,s3,0,s3,1,d3,1,d3,1,d3
7544,62.86666666666667,0,s3,0,s3,0,s3,1,d3,1,d3,1,d3
7552,62.93333333333333,0,s3,0,s3,0,s3,1,d3,1,d3,1,d3
7560,63.0,0,s3,0,s3,0,s3,1,d3,1,d3,1,d3
7568,63.06666666666667,0,s3,0,s3,0,s3,1,d3,1,d3,1,d3
7576,63.13333333333333,0,s3,0,s3,0,s3,1,d3,1,d3,1,d3
7584,63.2,0,d1,0,d1,0,d1,1,d3,1,d3,1,d3
7592,63.266666666666666,0,d1,0,d1,0,d1,1,d3,1,d3,1,d3
7600,63.333333333333336,0,d1,0,d1,0,d1,1,d3,1,d3,1,d3
7608,63.4,0,d1,0,d1,0,d1,1,d3,1,d3,1,d3
7616,63.46666666666667,0,d1,0,d1,0,d1,1,d3,1,d3,1,d3
7624,63.53333333333333,0,d1,0,d1,0,d1,1,d3,1,d3,1,d3
7632,63.6,0,d1,0,d1,0,d1,1,d3,1,d3,1,d3
7640,63.666666666666664,0,d1,0,d1,0,d1,1,d3,1,d3,1,d3
7648,63.733333333333334,0,d1,0,d1,0,d1,1,d3,1,d3,1,d3
7656,63.8,0,d1,0,d1,0,d1,1,d3,1,d3,1,d3
7664,63.86666666666667,0,d1,0,d1,0,d1,1,d3,1,d3,1,d3
7672,63.93333333333333,0,d1,0,d1,0,d1,1,d3,1,d3,1,d3
7680,64.0,0,d1,0,d1,0,d1,1,d3,1,d3,1,d3
7688,64.06666666666666,0,d1,0,d1,0,d1,1,d3,1,d3,1,d3
7696,64.13333333333334,0,d1,0,d1,0,d1,1,d3,1,d3,1,d3
7704,64.2,0,d1,0,d1,0,d1,1,d3,1,d3,1,d3
7712,64.26666666666667,0,d1,0,d1,0,d1,1,d3,1,d3,1,d3
7720,64.33333333333333,0,d1,0,d1,0,d1,1,d3,1,d3,1,d3
7728,64.4,0,d1,0,d1,0,d1,1,d3,1,d3,1,d3
7736,64.46666666666667,0,d1,0,d1,0,d1,1,d3,1,d3,1,d3
7744,64.53333333333333,0,d1,0,d1,0,d1,1,d3,1,d3,1,d3
7752,64.6,0,d1,0,d1,0,d1,1,d3,1,d3,1,d3
7760,64.66666666666667,0,d1,0,d1,0,d1,1,d3,1,d3,1,d3
7768,64.73333333333333,0,d1,0,d1,0,d1,1,d3,1,d3,1,d3
7776,64.8,0,d1,0,d1,0,d1,1,d3,1,d3,1,d3
7784,64.86666666666666,0,d1,0,d1,0,d1,1,d3,1,d3,1,d3
7792,64.93333333333334,0,d1,0,d1,0,d1,1,d3,1,d3,1,d3
7800,65.0,0,d1,0,d1,0,d1,1,d3,1,d3,1,d3
7808,65.06666666666666,0,d1,0,d1,0,d1,1,d3,1,d3,1,d3
7816,65.13333333333334,0,d1,0,d1,0,d1,1,d3,1,d3,1,d3
7824,65.2,0,d1,0,d1,0,d1,1,d3,1,d3,1,d3
7832,65.26666666666667,0,d1,0,d1,0,d1,1,d3,1,d3,1,d3
7840,65.33333333333333,0,d1,0,d1,0,d1,1,d3,1,d3,1,d3
7848,65.4,0,d1,0,d1,0,d1,1,d3,1,d3,1,d3
7856,65.46666666666667,0,d1,0,d1,0,d1,1,d3,1,d3,1,d3
7864,65.53333333333333,0,d1,0,d1,0,d1,1,d3,1,d3,1,d3
7872,65.6,0,d1,0,d1,0,d1,1,d3,1,d3,1,d3
7880,65.66666666666667,0,d1,0,d1,0,d1,1,d3,1,d3,1,d3
7888,65.73333333333333,0,d1,0,d1,0,d1,1,d3,1,d3,1,d3
7896,65.8,0,d1,0,d1,0,d1,1,d3,1,d3,1,d3
7904,65.86666666666666,0,d1,0,d1,0,d1,1,d3,1,d3,1,d3
7912,65.93333333333334,0,d1,0,d1,0,d1,1,d3,1,d3,1,d3
7920,66.0,0,d1,0,d1,0,d1,1,d3,1,d3,1,d3
7928,66.06666666666666,0,d1,0,d1,0,d1,1,d3,1,d3,1,d3
7936,66.13333333333334,0,d1,0,d1,0,d1,1,d3,1,d3,1,d3
7944,66.2,0,d1,0,d1,0,d1,1,d3,1,d3,1,d3
7952,66.26666666666667,0,d1,0,d1,0,d1,1,d3,1,d3,1,d3
7960,66.33333333333333,0,d1,0,d1,0,d1,1,d3,1,d3,1,d3
7968,66.4,0,d1,0,d1,0,d1,1,d3,1,d3,1,d3
7976,66.46666666666667,0,d1,0,d1,0,d1,1,d3,1,d3,1,d3
7984,66.53333333333333,0,d1,0,d1,0,d1,1,d3,1,d3,1,d3
7992,66.6,0,d1,0,d1,0,d1,1,d3,1,d3,1,d3
8000,66.66666666666667,0,d1,0,d1,0,d1,1,d3,1,d3,1,d3
8008,66.73333333333333,0,d1,0,d1,0,d1,1,d3,1,d3,1,d3
8016,66.8,0,d1,0,d1,0,d1,1,d3,1,d3,1,d3
8024,66.86666666666666,0,d1,0,d1,0,d1,1,d3,1,d3,1,d3
8032,66.93333333333334,0,d1,0,d1,0,d1,1,d3,1,d3,1,d3
8040,67.0,0,d1,0,d1,0,d1,1,d3,1,d3,1,d3
8048,67.06666666666666,0,d1,0,d1,0,d1,1,d3,1,d3,1,d3
8056,67.13333333333334,0,d1,0,d1,0,d1,1,d3,1,d3,1,d3
8064,67.2,0,d1,0,d1,0,d1,1,d3,1,d3,1,d3
8072,67.26666666666667,0,d1,0,d1,0,d1,1,d3,1,d3,1,d3
8080,67.33333333333333,0,d1,0,d1,0,d1,1,d3,1,d3,1,d3
8088,67.4,0,d1,0,d1,0,d1,1,d3,1,d3,1,d3
8096,67.46666666666667,0,d1,0,d1,0,d1,1,d3,1,d3,1,d3
8104,67.53333333333333,0,d1,0,d1,0,d1,1,d3,1,d3,1,d3
8112,67.6,0,d1,0,d1,0,d1,1,d3,1,d3,1,d3
8120,67.66666666666667,0,d1,0,d1,0,d1,1,d3,1,d3,1,d3
8128,67.73333333333333,0,d1,0,d1,0,d1,1,d3,1,d3,1,d3
8136,67.8,0,d1,0,d1,0,d1,1,d3,1,d3,1,d3
8144,67.86666666666666,0,d1,0,d1,0,d1,1,d3,1,d3,1,d3
8152,67.93333333333334,0,d1,0,d1,0,d1,1,d3,1,d3,1,d3
8160,68.0,0,d1,0,d1,0,d1,1,d3,1,d3,1,d3
8168,68.06666666666666,0,d1,0,d1,0,d1,1,d3,1,d3,1,d3
8176,68.13333333333334,0,d1,0,d1,0,d1,1,d3,1,d3,1,d3
8184,68.2,0,d1,0,d1,0,d1,1,d3,1,d3,1,d3
8192,68.26666666666667,0,d1,0,d1,0,d1,1,d3,1,d3,1,d3
8200,68.33333333333333,0,d1,0,d1,0,d1,1,d3,1,d3,1,d3
8208,68.4,0,d1,0,d1,0,d1,1,d3,1,d3,1,d3
8216,68.46666666666667,0,d1,0,d1,0,d1,1,d3,1,d3,1,d3
8224,68.53333333333333,0,d1,0,d1,0,d1,1,d3,1,d3,1,d3
8232,68.6,0,d1,0,d1,0,d1,1,d3,1,d3,1,d3
8240,68.66666666666667,0,d1,0,d1,0,d1,1,d3,1,d3,1,d3
8248,68.73333333333333,0,d1,0,d1,0,d1,1,d3,1,d3,1,d3
8256,68.8,0,d1,0,d1,0,d1,1,d3,1,d3,1,d3
8264,68.86666666666666,0,d1,0,d1,0,d1,1,d3,1,d3,1,d3
8272,68.93333333333334,0,d1,0,d1,0,d1,1,d3,1,d3,1,d3
8280,69.0,0,d1,0,d1,0,d1,1,d3,1,d3,1,d3
8288,69.06666666666666,0,d1,0,d1,0,d1,1,d3,1,d3,1,d3
8296,69.13333333333334,0,d1,0,d1,0,d1,1,d3,1,d3,1,d3
8304,69.2,0,d1,0,d1,0,d1,1,d3,1,d3,1,d3
8312,69.26666666666667,0,d1,0,d1,0,d1,1,d3,1,d3,1,d3
8320,69.33333333333333,0,d1,0,d1,0,d1,1,d3,1,d3,1,d3
8328,69.4,0,d1,0,d1,0,d1,1,d3,1,d3,1,d3
8336,69.46666666666667,0,d1,0,d1,0,d1,1,d3,1,d3,1,d3
8344,69.53333333333333,0,d1,0,d1,0,d1,1,d3,1,d3,1,d3
8352,69.6,0,d1,0,d1,0,d1,1,d3,1,d3,1,d3
8360,69.66666666666667,0,d1,0,d1,0,d1,1,d3,1,d3,1,d3
8368,69.73333333333333,0,d1,0,d1,0,d1,1,d3,1,d3,1,d3
8376,69.8,0,d1,0,d1,0,d1,1,d3,1,d3,1,d3
8384,69.86666666666666,0,d1,0,d1,0,d1,1,d3,1,d3,1,d3
8392,69.93333333333334,0,d1,0,d1,0,d1,1,d3,1,d3,1,d3
8400,70.0,0,d1,0,d1,0,d1,1,d3,1,d3,1,d3
8408,70.06666666666666,0,d1,0,d1,0,d1,1,d3,1,d3,1,d3
8416,70.13333333333334,0,d1,0,d1,0,d1,1,d3,1,d3,1,d3
8424,70.2,0,d1,0,d1,0,d1,1,d3,1,d3,1,d3
8432,70.26666666666667,0,d1,0,d1,0,d1,1,d3,1,d3,1,d3
8440,70.33333333333333,0,d1,0,d1,0,d1,1,d3,1,d3,1,d3
8448,70.4,0,s3,0,s3,0,s3,1,d3,1,d3,1,d3
8456,70.46666666666667,0,s3,0,s3,0,s3,1,d3,1,d3,1,d3
8464,70.53333333333333,0,s3,0,s3,0,s3,1,d3,1,d3,1,d3
8472,70.6,0,s3,0,s3,0,s3,1,d3,1,d3,1,d3
8480,70.66666666666667,0,s3,0,s3,0,s3,1,d3,1,d3,1,d3
8488,70.73333333333333,0,s3,0,s3,0,s3,1,d3,1,d3,1,d3
8496,70.8,0,s3,0,s3,0,s3,1,d3,1,d3,1,d3
8504,70.86666666666666,0,s3,0,s3,0,s3,1,d3,1,d3,1,d3
8512,70.93333333333334,0,s3,0,s3,0,s3,1,d3,1,d3,1,d3
8520,71.0,0,s3,0,s3,0,s3,1,d3,1,d3,1,d3
8528,71.06666666666666,0,s3,0,s3,0,s3,1,d3,1,d3,1,d3
8536,71.13333333333334,0,s3,0,s3,0,s3,1,d3,1,d3,1,d3
8544,71.2,0,s3,0,s3,0,s3,1,d3,1,d3,1,d3
8552,71.26666666666667,0,s3,0,s3,0,s3,1,d3,1,d3,1,d3
8560,71.33333333333333,0,s3,0,s3,0,s3,1,d3,1,d3,1,d3
8568,71.4,0,s3,0,s3,0,s3,1,d3,1,d3,1,d3
8576,71.46666666666667,0,s3,0,s3,0,s3,1,d3,1,d3,1,d3
8584,71.53333333333333,0,s3,0,s3,0,s3,1,d3,1,d3,1,d3
8592,71.6,0,s3,0,s3,0,s3,1,d3,1,d3,1,d3
8600,71.66666666666667,0,s3,0,s3,0,s3,1,d3,1,d3,1,d3
8608,71.73333333333333,0,s3,0,s3,0,s3,1,d3,1,d3,1,d3
8616,71.8,0,s3,0,s3,0,s3,1,d3,1,d3,1,d3
8624,71.86666666666666,0,s3,0,s3,0,s3,1,d3,1,d3,1,d3
8632,71.93333333333334,0,s3,0,s3,0,s3,1,d3,1,d3,1,d3
8640,72.0,0,s3,0,s3,0,s3,1,d3,1,d3,1,d3
8648,72.06666666666666,0,s3,0,s3,0,s3,1,d3,1,d3,1,d3
8656,72.13333333333334,0,d1,0,d1,0,d1,1,d3,1,d3,1,d3
8664,72.2,0,d1,0,d1,0,d1,1,d3,1,d3,1,d3
8672,72.26666666666667,0,d1,0,d1,0,d1,1,d3,1,d3,1,d3
8680,72.33333333333333,0,d1,0,d1,0,d1,1,d3,1,d3,1,d3
8688,72.4,0,d1,0,d1,0,d1,1,d3,1,d3,1,d3
8696,72.46666666666667,0,d1,0,d1,0,d1,1,d3,1,d3,1,d3
8704,72.53333333333333,0,d1,0,d1,0,d1,1,d3,1,d3,1,d3
8712,72.6,0,d1,0,d1,0,d1,1,d3,1,d3,1,d3
8720,72.66666666666667,0,d1,0,d1,0,d1,1,d3,1,d3,1,d3
8728,72.73333333333333,0,d1,0,d1,0,d1,1,d3,1,d3,1,d3
8736,72.8,0,d1,0,d1,0,d1,1,d3,1,d3,1,d3
8744,72.86666666666666,0,d1,0,d1,0,d1,1,d3,1,d3,1,d3
8752,72.93333333333334,0,d1,0,d1,0,d1,1,d3,1,d3,1,d3
8760,73.0,0,d1,0,d1,0,d1,1,d3,1,d3,1,d3
8768,73.06666666666666,0,d1,0,d1,0,d1,1,d3,1,d3,1,d3
8776,73.13333333333334,0,d1,0,d1,0,d1,1,d3,1,d3,1,d3
8784,73.2,0,d1,0,d1,0,d1,1,d3,1,d3,1,d3
8792,73.26666666666667,0,d1,0,d1,0,d1,1,d3,1,d3,1,d3
8800,73.33333333333333,0,d1,0,d1,0,d1,1,d3,1,d3,1,d3
8808,73.4,0,d1,0,d1,0,d1,1,d3,1,d3,1,d3
8816,73.46666666666667,0,d1,0,d1,0,d1,1,d3,1,d3,1,d3
8824,73.53333333333333,0,d1,0,d1,0,d1,1,d3,1,d3,1,d3
8832,73.6,0,d1,0,d1,0,d1,1,d3,1,d3,1,d3
8840,73.66666666666667,0,d1,0,d1,0,d1,1,d3,1,d3,1,d3
8848,73.73333333333333,0,d1,0,d1,0,d1,1,d3,1,d3,1,d3
8856,73.8,0,d1,0,d1,0,d1,1,d3,1,d3,1,d3
8864,73.86666666666666,0,d1,0,d1,0,d1,1,d3,1,d3,1,d3
8872,73.93333333333334,0,d1,0,d1,0,d1,1,d3,1,d3,1,d3
8880,74.0,0,d1,0,d1,0,d1,1,d3,1,d3,1,d3
8888,74.06666666666666,0,d1,0,d1,0,d1,1,d3,1,d3,1,d3
8896,74.13333333333334,0,d1,0,d1,0,d1,1,d3,1,d3,1,d3
8904,74.2,0,d1,0,d1,0,d1,1,d3,1,d3,1,d3
8912,74.26666666666667,0,d1,0,d1,0,d1,1,d3,1,d3,1,d3
8920,74.33333333333333,0,d1,0,d1,0,d1,1,d3,1,d3,1,d3
8928,74.4,0,d1,0,d1,0,d1,1,d3,1,d3,1,d3
8936,74.46666666666667,0,d1,0,d1,0,d1,1,d3,1,d3,1,d3
8944,74.53333333333333,0,d1,0,d1,0,d1,1,d3,1,d3,1,d3
8952,74.6,0,d1,0,d1,0,d1,1,d3,1,d3,1,d3
8960,74.66666666666667,0,d1,0,d1,0,d1,1,d3,1,d3,1,d3
8968,74.73333333333333,0,d1,0,d1,0,d1,1,d3,1,d3,1,d3
8976,74.8,0,d1,0,d1,0,d1,1,d3,1,d3,1,d3
8984,74.86666666666666,0,d1,0,d1,0,d1,1,d3,1,d3,1,d3
8992,74.93333333333334,0,d1,0,d1,0,d1,1,d3,1,d3,1,d3
9000,75.0,0,d1,0,d1,0,d1,1,d3,1,d3,1,d3
9008,75.06666666666666,0,d1,0,d1,0,d1,1,d3,1,d3,1,d3
9016,75.13333333333334,0,d1,0,d1,0,d1,1,d3,1,d3,1,d3
9024,75.2,0,d1,0,d1,0,d1,1,d3,1,d3,1,d3
9032,75.26666666666667,0,d1,0,d1,0,d1,1,d3,1,d3,1,d3
9040,75.33333333333333,0,d1,0,d1,0,d1,1,d3,1,d3,1,d3
9048,75.4,0,d1,0,d1,0,d1,1,d3,1,d3,1,d3
9056,75.46666666666667,0,d1,0,d1,0,d1,1,d3,1,d3,1,d3
9064,75.53333333333333,0,d1,0,d1,0,d1,1,d3,1,d3,1,d3
9072,75.6,0,d1,0,d1,0,d1,1,d3,1,d3,1,d3
9080,75.66666666666667,0,d1,0,d1,0,d1,1,d3,1,d3,1,d3
9088,75.73333333333333,0,d1,0,d1,0,d1,1,d3,1,d3,1,d3
9096,75.8,0,d1,0,d1,0,d1,1,d3,1,d3,1,d3
9104,75.86666666666666,0,d1,0,d1,0,d1,1,d3,1,d3,1,d3
9112,75.93333333333334,0,d1,0,d1,0,d1,1,d3,1,d3,1,d3
9120,76.0,0,d1,0,d1,0,d1,1,d3,1,d3,1,d3
9128,76.06666666666666,0,d1,0,d1,0,d1,1,d3,1,d3,1,d3
9136,76.13333333333334,0,d1,0,d1,0,d1,1,d3,1,d3,1,d3
9144,76.2,0,d1,0,d1,0,d1,1,d3,1,d3,1,d3
9152,76.26666666666667,0,d1,0,d1,0,d1,1,d3,1,d3,1,d3
9160,76.33333333333333,0,d1,0,d1,0,d1,1,d3,1,d3,1,d3
9168,76.4,0,d1,0,d1,0,d1,1,d3,1,d3,1,d3
9176,76.46666666666667,0,d1,0,d1,0,d1,1,d3,1,d3,1,d3
9184,76.53333333333333,0,d1,0,d1,0,d1,1,d3,1,d3,1,d3
9192,76.6,0,d1,0,d1,0,d1,1,d3,1,d3,1,d3
9200,76.66666666666667,0,d1,0,d1,0,d1,1,d3,1,d3,1,d3
9208,76.73333333333333,0,d1,0,d1,0,d1,1,d3,1,d3,1,d3
9216,76.8,0,d1,0,d1,0,d1,1,d3,1,d3,1,d3
9224,76.86666666666666,0,d1,0,d1,0,d1,1,d3,1,d3,1,d3
9232,76.93333333333334,0,d1,0,d1,0,d1,1,d3,1,d3,1,d3
9240,77.0,0,d1,0,d1,0,d1,1,d3,1,d3,1,d3
9248,77.06666666666666,0,d1,0,d1,0,d1,1,d3,1,d3,1,d3
9256,77.13333333333334,0,d1,0,d1,0,d1,1,d3,1,d3,1,d3
9264,77.2,0,d1,0,d1,0,d1,1,d3,1,d3,1,d3
9272,77.26666666666667,0,d1,0,d1,0,d1,1,d3,1,d3,1,d3
9280,77.33333333333333,0,d1,0,d1,0,d1,1,d3,1,d3,1,d3
9288,77.4,0,d1,0,d1,0,d1,1,d3,1,d3,1,d3
9296,77.46666666666667,0,d1,0,d1,0,d1,1,d3,1,d3,1,d3
9304,77.53333333333333,0,d1,0,d1,0,d1,1,d3,1,d3,1,d3
9312,77.6,0,d1,0,d1,0,d1,1,d3,1,d3,1,d3
9320,77.66666666666667,0,d1,0,d1,0,d1,1,d3,1,d3,1,d3
9328,77.73333333333333,0,d1,0,d1,0,d1,1,d3,1,d3,1,d3
9336,77.8,0,d1,0,d1,0,d1,1,d3,1,d3,1,d3
9344,77.86666666666666,0,d1,0,d1,0,d1,1,d3,1,d3,1,d3
9352,77.93333333333334,0,d1,0,d1,0,d1,1,d3,1,d3,1,d3
9360,78.0,0,d1,0,d1,0,d1,1,d3,1,d3,1,d3
9368,78.06666666666666,0,d1,0,d1,0,d1,1,d3,1,d3,1,d3
9376,78.13333333333334,0,d1,0,d1,0,d1,1,d3,1,d3,1,d3
9384,78.2,0,d1,0,d1,0,d1,1,d3,1,d3,1,d3
9392,78.26666666666667,0,d1,0,d1,0,d1,1,d3,1,d3,1,d3
9400,78.33333333333333,0,d1,0,d1,0,d1,1,d3,1,d3,1,d3
9408,78.4,0,d1,0,d1,0,d1,1,d3,1,d3,1,d3
9416,78.46666666666667,0,d1,0,d1,0,d1,1,d3,1,d3,1,d3
9424,78.53333333333333,0,d1,0,d1,0,d1,1,d3,1,d3,1,d3
9432,78.6,0,d1,0,d1,0,d1,1,d3,1,d3,1,d3
9440,78.66666666666667,0,d1,0,d1,0,d1,1,d3,1,d3,1,d3
9448,78.73333333333333,0,d1,0,d1,0,d1,1,d3,1,d3,1,d3
9456,78.8,0,d1,0,d1,0,d1,1,d3,1,d3,1,d3
9464,78.86666666666666,0,d1,0,d1,0,d1,1,d3,1,d3,1,d3
9472,78.93333333333334,0,d1,0,d1,0,d1,1,d3,1,d3,1,d3
9480,79.0,0,d1,0,d1,0,d1,1,d3,1,d3,1,d3
9488,79.06666666666666,0,d1,0,d1,0,d1,1,d3,1,d3,1,d3
9496,79.13333333333334,0,d1,0,d1,0,d1,1,d3,1,d3,1,d3
9504,79.2,0,d1,0,d1,0,d1,1,d3,1,d3,1,d3
9512,79.26666666666667,0,d1,0,d1,0,d1,1,d3,1,d3,1,d3
9520,79.33333333333333,0,d1,0,d1,0,d1,1,d3,1,d3,1,d3
9528,79.4,0,d1,0,d1,0,d1,1,d3,1,d3,1,d3
9536,79.46666666666667,0,d1,0,d1,0,d1,1,d3,1,d3,1,d3
9544,79.53333333333333,0,d1,0,d1,0,d1,1,d3,1,d3,1,d3
9552,79.6,0,d1,0,d1,0,d1,1,d3,1,d3,1,d3
9560,79.66666666666667,0,d1,0,d1,0,d1,1,d3,1,d3,1,d3
9568,79.73333333333333,0,d1,0,d1,0,d1,1,d3,1,d3,1,d3
9576,79.8,0,d1,0,d1,0,d1,1,d3,1,d3,1,d3
9584,79.86666666666666,0,d1,0,d1,0,d1,1,d3,1,d3,1,d3
9592,79.93333333333334,0,d1,0,d1,0,d1,1,d3,1,d3,1,d3
9600,80.0,0,d1,0,d1,0,d1,1,d3,1,d3,1,d3
9608,80.06666666666666,0,d1,0,d1,0,d1,1,d3,1,d3,1,d3
9616,80.13333333333334,0,d1,0,d1,0,d1,1,d3,1,d3,1,d3
9624,80.2,0,d1,0,d1,0,d1,1,d3,1,d3,1,d3
9632,80.26666666666667,0,d1,0,d1,0,d1,1,d3,1,d3,1,d3
9640,80.33333333333333,0,d1,0,d1,0,d1,1,d3,1,d3,1,d3
9648,80.4,0,d1,0,d1,0,d1,1,d3,1,d3,1,d3
9656,80.46666666666667,0,d1,0,d1,0,d1,1,d3,1,d3,1,d3
9664,80.53333333333333,0,d1,0,d1,0,d1,1,d3,1,d3,1,d3
9672,80.6,0,d1,0,d1,0,d1,1,d3,1,d3,1,d3
9680,80.66666666666667,0,d1,0,d1,0,d1,1,d3,1,d3,1,d3
9688,80.73333333333333,0,d1,0,d1,0,d1,1,d3,1,d3,1,d3
9696,80.8,0,d1,0,d1,0,d1,1,d3,1,d3,1,d3
9704,80.86666666666666,0,d1,0,d1,0,d1,1,d3,1,d3,1,d3
9712,80.93333333333334,0,d1,0,d1,0,d1,1,d3,1,d3,1,d3
9720,81.0,0,d1,0,d1,0,d1,1,d3,1,d3,1,d3
9728,81.06666666666666,0,d1,0,d1,0,d1,1,d3,1,d3,1,d3
9736,81.13333333333334,0,d1,0,d1,0,d1,1,d3,1,d3,1,d3
9744,81.2,0,d1,0,d1,0,d1,1,d3,1,d3,1,d3
9752,81.26666666666667,0,d1,0,d1,0,d1,1,d3,1,d3,1,d3
9760,81.33333333333333,0,d1,0,d1,0,d1,1,d3,1,d3,1,d3
9768,81.4,0,d1,0,d1,0,d1,1,d3,1,d3,1,d3
9776,81.46666666666667,0,d1,0,d1,0,d1,1,d3,1,d3,1,d3
9784,81.53333333333333,0,d1,0,d1,0,d1,1,d3,1,d3,1,d3
9792,81.6,0,d1,0,d1,0,d1,1,d3,1,d3,1,d3
9800,81.66666666666667,0,d1,0,d1,0,d1,1,d3,1,d3,1,d3
9808,81.73333333333333,0,d1,0,d1,0,d1,1,d3,1,d3,1,d3
9816,81.8,0,d1,0,d1,0,d1,1,d3,1,d3,1,d3
9824,81.86666666666666,0,d1,0,d1,0,d1,1,d3,1,d3,1,d3
9832,81.93333333333334,0,d1,0,d1,0,d1,1,d3,1,d3,1,d3
9840,82.0,0,d1,0,d1,0,d1,1,d3,1,d3,1,d3
9848,82.06666666666666,0,d1,0,d1,0,d1,1,d3,1,d3,1,d3
9856,82.13333333333334,0,d1,0,d1,0,d1,1,d3,1,d3,1,d3
9864,82.2,0,d1,0,d1,0,d1,1,d3,1,d3,1,d3
9872,82.26666666666667,0,d1,0,d1,0,d1,1,d3,1,d3,1,d3
9880,82.33333333333333,0,d1,0,d1,0,d1,1,d3,1,d3,1,d3
9888,82.4,0,d1,0,d1,0,d1,1,d3,1,d3,1,d3
9896,82.46666666666667,0,d1,0,d1,0,d1,1,d3,1,d3,1,d3
9904,82.53333333333333,0,d1,0,d1,0,d1,1,d3,1,d3,1,d3
9912,82.6,0,d1,0,d1,0,d1,1,d3,1,d3,1,d3
9920,82.66666666666667,0,d1,0,d1,0,d1,1,d3,1,d3,1,d3
9928,82.73333333333333,0,d1,0,d1,0,d1,1,d3,1,d3,1,d3
9936,82.8,0,d1,0,d1,0,d1,1,d3,1,d3,1,d3
9944,82.86666666666666,0,d1,0,d1,0,d1,1,d3,1,d3,1,d3
9952,82.93333333333334,0,d1,0,d1,0,d1,1,d3,1,d3,1,d3
9960,83.0,0,d1,0,d1,0,d1,1,d3,1,d3,1,d3
9968,83.06666666666666,0,d1,0,d1,0,d1,1,d3,1,d3,1,d3
9976,83.13333333333334,0,d1,0,d1,0,d1,1,d3,1,d3,1,d3
9984,83.2,0,d1,0,d1,0,d1,1,d3,1,d3,1,d3
9992,83.26666666666667,0,d1,0,d1,0,d1,1,d3,1,d3,1,d3
10000,83.33333333333333,0,d1,0,d1,0,d1,1,d3,1,d3,1,d3
10008,83.4,0,d1,0,d1,0,d1,1,d3,1,d3,1,d3
10016,83.46666666666667,0,d1,0,d1,0,d1,1,d3,1,d3,1,d3
10024,83.53333333333333,0,d1,0,d1,0,d1,1,d3,1,d3,1,d3
10032,83.6,0,d1,0,d1,0,d1,1,d3,1,d3,1,d3
10040,83.66666666666667,0,d1,0,d1,0,d1,1,d3,1,d3,1,d3
10048,83.73333333333333,0,d1,0,d1,0,d1,1,d3,1,d3,1,d3
10056,83.8,0,d1,0,d1,0,d1,1,d3,1,d3,1,d3
10064,83.86666666666666,0,d1,0,d1,0,d1,1,d3,1,d3,1,d3
10072,83.93333333333334,0,d1,0,d1,0,d1,1,d3,1,d3,1,d3
10080,84.0,0,d1,0,d1,0,d1,1,d3,1,d3,1,d3
10088,84.06666666666666,0,d1,0,d1,0,d1,1,d3,1,d3,1,d3
10096,84.13333333333334,0,d1,0,d1,0,d1,1,d3,1,d3,1,d3
10104,84.2,0,d1,0,d1,0,d1,1,d3,1,d3,1,d3
10112,84.26666666666667,0,d1,0,d1,0,d1,1,d3,1,d3,1,d3
10120,84.33333333333333,0,d1,0,d1,0,d1,1,d3,1,d3,1,d3
10128,84.4,0,d1,0,d1,0,d1,1,d3,1,d3,1,d3
10136,84.46666666666667,0,s3,0,s3,0,s3,1,d3,1,d3,1,d3
10144,84.53333333333333,0,s3,0,s3,0,s3,1,d3,1,d3,1,d3
10152,84.6,0,s3,0,s3,0,s3,1,d3,1,d3,1,d3
10160,84.66666666666667,0,s3,0,s3,0,s3,1,d3,1,d3,1,d3
10168,84.73333333333333,0,s3,0,s3,0,s3,1,d3,1,d3,1,d3
10176,84.8,0,s3,0,s3,0,s3,1,d3,1,d3,1,d3
10184,84.86666666666666,0,s3,0,s3,0,s3,1,d3,1,d3,1,d3
10192,84.93333333333334,0,s3,0,s3,0,s3,1,d3,1,d3,1,d3
10200,85.0,0,s3,0,s3,0,s3,1,d3,1,d3,1,d3
10208,85.06666666666666,0,s3,0,s3,0,s3,1,d3,1,d3,1,d3
10216,85.13333333333334,0,s3,0,s3,0,s3,1,d3,1,d3,1,d3
10224,85.2,0,s3,0,s3,0,s3,1,d3,1,d3,1,d3
10232,85.26666666666667,0,s3,0,s3,0,s3,1,d3,1,d3,1,d3
10240,85.33333333333333,0,s3,0,s3,0,s3,1,d3,1,d3,1,d3
10248,85.4,0,s3,0,s3,0,s3,1,d3,1,d3,1,d3
10256,85.46666666666667,0,s3,0,s3,0,s3,1,d3,1,d3,1,d3
10264,85.53333333333333,0,s3,0,s3,0,s3,1,d3,1,d3,1,d3
10272,85.6,0,s3,0,s3,0,s3,1,d3,1,d3,1,d3
10280,85.66666666666667,0,s3,0,s3,0,s3,1,d3,1,d3,1,d3
10288,85.73333333333333,0,s3,0,s3,0,s3,1,d3,1,d3,1,d3
10296,85.8,0,s3,0,s3,0,s3,1,d3,1,d3,1,d3
10304,85.86666666666666,0,s3,0,s3,0,s3,1,d3,1,d3,1,d3
10312,85.93333333333334,0,s3,0,s3,0,s3,1,d3,1,d3,1,d3
10320,86.0,0,s3,0,s3,0,s3,1,d3,1,d3,1,d3
10328,86.06666666666666,0,d1,0,d1,0,d1,1,d3,1,d3,1,d3
10336,86.13333333333334,0,d1,0,d1,0,d1,1,d3,1,d3,1,d3
10344,86.2,0,d1,0,d1,0,d1,1,d3,1,d3,1,d3
10352,86.26666666666667,0,d1,0,d1,0,d1,1,d3,1,d3,1,d3
10360,86.33333333333333,0,d1,0,d1,0,d1,1,d3,1,d3,1,d3
10368,86.4,0,d1,0,d1,0,d1,1,d3,1,d3,1,d3
10376,86.46666666666667,0,d1,0,d1,0,d1,1,d3,1,d3,1,d3
10384,86.53333333333333,0,d1,0,d1,0,d1,1,d3,1,d3,1,d3
10392,86.6,0,d1,0,d1,0,d1,1,d3,1,d3,1,d3
10400,86.66666666666667,0,d1,0,d1,0,d1,1,d3,1,d3,1,d3
10408,86.73333333333333,0,d1,0,d1,0,d1,1,d3,1,d3,1,d3
10416,86.8,0,d1,0,d1,0,d1,1,d3,1,d3,1,d3
10424,86.86666666666666,0,d1,0,d1,0,d1,1,d3,1,d3,1,d3
10432,86.93333333333334,0,d1,0,d1,0,d1,1,d3,1,d3,1,d3
10440,87.0,0,d1,0,d1,0,d1,1,d3,1,d3,1,d3
10448,87.06666666666666,0,d1,0,d1,0,d1,1,d3,1,d3,1,d3
10456,87.13333333333334,0,d1,0,d1,0,d1,1,d3,1,d3,1,d3
10464,87.2,0,d1,0,d1,0,d1,1,d3,1,d3,1,d3
10472,87.26666666666667,0,d1,0,d1,0,d1,1,d3,1,d3,1,d3
10480,87.33333333333333,0,d1,0,d1,0,d1,1,d3,1,d3,1,d3
10488,87.4,0,d1,0,d1,0,d1,1,d3,1,d3,1,d3
10496,87.46666666666667,0,d1,0,d1,0,d1,1,d3,1,d3,1,d3
10504,87.53333333333333,0,d1,0,d1,0,d1,1,d3,1,d3,1,d3
10512,87.6,0,d1,0,d1,0,d1,1,d3,1,d3,1,d3
10520,87.66666666666667,0,d1,0,d1,0,d1,1,d3,1,d3,1,d3
10528,87.73333333333333,0,d1,0,d1,0,d1,1,d3,1,d3,1,d3
10536,87.8,0,d1,0,d1,0,d1,1,d3,1,d3,1,d3
10544,87.86666666666666,0,d1,0,d1,0,d1,1,d3,1,d3,1,d3
10552,87.93333333333334,0,d1,0,d1,0,d1,1,d3,1,d3,1,d3
10560,88.0,0,d1,0,d1,0,d1,1,d3,1,d3,1,d3
10568,88.06666666666666,0,d1,0,d1,0,d1,1,d3,1,d3,1,d3
10576,88.13333333333334,0,d1,0,d1,0,d1,1,d3,1,d3,1,d3
10584,88.2,0,d1,0,d1,0,d1,1,d3,1,d3,1,d3
10592,88.26666666666667,0,d1,0,d1,0,d1,1,d3,1,d3,1,d3
10600,88.33333333333333,0,d1,0,d1,0,d1,1,d3,1,d3,1,d3
10608,88.4,0,d1,0,d1,0,d1,1,d3,1,d3,1,d3
10616,88.46666666666667,0,d1,0,d1,0,d1,1,d3,1,d3,1,d3
10624,88.53333333333333,0,d1,0,d1,0,d1,1,d3,1,d3,1,d3
10632,88.6,0,d1,0,d1,0,d1,1,d3,1,d3,1,d3
10640,88.66666666666667,0,d1,0,d1,0,d1,1,d3,1,d3,1,d3
10648,88.73333333333333,0,d1,0,d1,0,d1,1,d3,1,d3,1,d3
10656,88.8,0,d1,0,d1,0,d1,1,d3,1,d3,1,d3
10664,88.86666666666666,0,d1,0,d1,0,d1,1,d3,1,d3,1,d3
10672,88.93333333333334,0,d1,0,d1,0,d1,1,d3,1,d3,1,d3
10680,89.0,0,d1,0,d1,0,d1,1,d3,1,d3,1,d3
10688,89.06666666666666,0,d1,0,d1,0,d1,1,d3,1,d3,1,d3
10696,89.13333333333334,0,d1,0,d1,0,d1,1,d3,1,d3,1,d3
10704,89.2,0,d1,0,d1,0,d1,1,d3,1,d3,1,d3
10712,89.26666666666667,0,d1,0,d1,0,d1,1,d3,1,d3,1,d3
10720,89.33333333333333,0,d1,0,d1,0,d1,1,d3,1,d3,1,d3
10728,89.4,0,d1,0,d1,0,d1,1,d3,1,d3,1,d3
10736,89.46666666666667,0,d1,0,d1,0,d1,1,d3,1,d3,1,d3
10744,89.53333333333333,0,d1,0,d1,0,d1,1,d3,1,d3,1,d3
10752,89.6,0,d1,0,d1,0,d1,1,d3,1,d3,1,d3
10760,89.66666666666667,0,d1,0,d1,0,d1,1,d3,1,d3,1,d3
10768,89.73333333333333,0,d1,0,d1,0,d1,1,d3,1,d3,1,d3
10776,89.8,0,d1,0,d1,0,d1,1,d3,1,d3,1,d3
10784,89.86666666666666,0,d1,0,d1,0,d1,1,d3,1,d3,1,d3
10792,89.93333333333334,0,d1,0,d1,0,d1,1,d3,1,d3,1,d3
10800,90.0,0,d1,0,d1,0,d1,1,d3,1,d3,1,d3
10808,90.06666666666666,0,d1,0,d1,0,d1,1,d3,1,d3,1,d3
10816,90.13333333333334,0,d1,0,d1,0,d1,1,d3,1,d3,1,d3
10824,90.2,0,d1,0,d1,0,d1,1,d3,1,d3,1,d3
10832,90.26666666666667,0,d1,0,d1,0,d1,1,d3,1,d3,1,d3
10840,90.33333333333333,0,d1,0,d1,0,d1,1,d3,1,d3,1,d3
10848,90.4,0,d1,0,d1,0,d1,1,d3,1,d3,1,d3
10856,90.46666666666667,0,d1,0,d1,0,d1,1,d3,1,d3,1,d3
10864,90.53333333333333,0,d1,0,d1,0,d1,1,d3,1,d3,1,d3
10872,90.6,0,d1,0,d1,0,d1,1,d3,1,d3,1,d3
10880,90.66666666666667,0,d1,0,d1,0,d1,1,d3,1,d3,1,d3
10888,90.73333333333333,0,d1,0,d1,0,d1,1,d3,1,d3,1,d3
10896,90.8,0,d1,0,d1,0,d1,1,d3,1,d3,1,d3
10904,90.86666666666666,0,d1,0,d1,0,d1,1,d3,1,d3,1,d3
10912,90.93333333333334,0,d1,0,d1,0,d1,1,d3,1,d3,1,d3
10920,91.0,0,d1,0,d1,0,d1,1,d3,1,d3,1,d3
10928,91.06666666666666,0,d1,0,d1,0,d1,1,d3,1,d3,1,d3
10936,91.13333333333334,0,d1,0,d1,0,d1,1,d3,1,d3,1,d3
10944,91.2,0,d1,0,d1,0,d1,1,d3,1,d3,1,d3
10952,91.26666666666667,0,d1,0,d1,0,d1,1,d3,1,d3,1,d3
10960,91.33333333333333,0,d1,0,d1,0,d1,1,d3,1,d3,1,d3
10968,91.4,0,d1,0,d1,0,d1,1,d3,1,d3,1,d3
10976,91.46666666666667,0,d1,0,d1,0,d1,1,d3,1,d3,1,d3
10984,91.53333333333333,0,d1,0,d1,0,d1,1,d3,1,d3,1,d3
10992,91.6,0,d1,0,d1,0,d1,1,d3,1,d3,1,d3
11000,91.66666666666667,0,d1,0,d1,0,d1,1,d3,1,d3,1,d3
11008,91.73333333333333,0,d1,0,d1,0,d1,1,d3,1,d3,1,d3
11016,91.8,0,d1,0,d1,0,d1,1,d3,1,d3,1,d3
11024,91.86666666666666,0,d1,0,d1,0,d1,1,d3,1,d3,1,d3
11032,91.93333333333334,0,d1,0,d1,0,d1,1,d3,1,d3,1,d3
11040,92.0,0,d1,0,d1,0,d1,1,d3,1,d3,1,d3
11048,92.06666666666666,0,d1,0,d1,0,d1,1,d3,1,d3,1,d3
11056,92.13333333333334,0,d1,0,d1,0,d1,1,d3,1,d3,1,d3
11064,92.2,0,d1,0,d1,0,d1,1,d3,1,d3,1,d3
11072,92.26666666666667,0,d1,0,d1,0,d1,1,d3,1,d3,1,d3
11080,92.33333333333333,0,d1,0,d1,0,d1,1,d3,1,d3,1,d3
11088,92.4,0,d1,0,d1,0,d1,1,d3,1,d3,1,d3
11096,92.46666666666667,0,d1,0,d1,0,d1,1,d3,1,d3,1,d3
11104,92.53333333333333,0,d1,0,d1,0,d1,1,d3,1,d3,1,d3
11112,92.6,0,d1,0,d1,0,d1,1,d3,1,d3,1,d3
11120,92.66666666666667,0,d1,0,d1,0,d1,1,d3,1,d3,1,d3
11128,92.73333333333333,0,d1,0,d1,0,d1,1,d3,1,d3,1,d3
11136,92.8,0,d1,0,d1,0,d1,1,d3,1,d3,1,d3
11144,92.86666666666666,0,d1,0,d1,0,d1,1,d3,1,d3,1,d3
11152,92.93333333333334,0,d1,0,d1,0,d1,1,d3,1,d3,1,d3
11160,93.0,0,d1,0,d1,0,d1,1,d3,1,d3,1,d3
11168,93.06666666666666,0,d1,0,d1,0,d1,1,d3,1,d3,1,d3
11176,93.13333333333334,0,d1,0,d1,0,d1,1,d3,1,d3,1,d3
11184,93.2,0,d1,0,d1,0,d1,1,d3,1,d3,1,d3
11192,93.26666666666667,0,d1,0,d1,0,d1,1,d3,1,d3,1,d3
11200,93.33333333333333,0,d1,0,d1,0,d1,1,d3,1,d3,1,d3
11208,93.4,0,d1,0,d1,0,d1,1,d3,1,d3,1,d3
11216,93.46666666666667,0,d1,0,d1,0,d1,1,d3,1,d3,1,d3
11224,93.53333333333333,0,d1,0,d1,0,d1,1,d3,1,d3,1,d3
11232,93.6,0,s3,0,s3,0,s3,1,d3,1,d3,1,d3
11240,93.66666666666667,0,s3,0,s3,0,s3,1,d3,1,d3,1,d3
11248,93.73333333333333,0,s3,0,s3,0,s3,1,d3,1,d3,1,d3
11256,93.8,0,s3,0,s3,0,s3,1,d3,1,d3,1,d3
11264,93.86666666666666,0,s3,0,s3,0,s3,1,d3,1,d3,1,d3
11272,93.93333333333334,0,s3,0,s3,0,s3,1,d3,1,d3,1,d3
11280,94.0,0,s3,0,s3,0,s3,1,d3,1,d3,1,d3
11288,94.06666666666666,0,s3,0,s3,0,s3,1,d3,1,d3,1,d3
11296,94.13333333333334,0,s3,0,s3,0,s3,1,d3,1,d3,1,d3
11304,94.2,0,s3,0,s3,0,s3,1,d3,1,d3,1,d3
11312,94.26666666666667,0,s3,0,s3,0,s3,1,d3,1,d3,1,d3
11320,94.33333333333333,0,s3,0,s3,0,s3,1,d3,1,d3,1,d3
11328,94.4,0,s3,0,s3,0,s3,1,d3,1,d3,1,d3
11336,94.46666666666667,0,s3,0,s3,0,s3,1,d3,1,d3,1,d3
11344,94.53333333333333,0,s3,0,s3,0,s3,1,d3,1,d3,1,d3
11352,94.6,0,s3,0,s3,0,s3,1,d3,1,d3,1,d3
11360,94.66666666666667,0,s3,0,s3,0,s3,1,d3,1,d3,1,d3
11368,94.73333333333333,0,s3,0,s3,0,s3,1,d3,1,d3,1,d3
11376,94.8,0,s3,0,s3,0,s3,1,d3,1,d3,1,d3
11384,94.86666666666666,0,s3,0,s3,0,s3,1,d3,1,d3,1,d3
11392,94.93333333333334,0,s3,0,s3,0,s3,1,d3,1,d3,1,d3
11400,95.0,0,s3,0,s3,0,s3,1,d3,1,d3,1,d3
11408,95.06666666666666,0,s3,0,s3,0,s3,1,d3,1,d3,1,d3
11416,95.13333333333334,0,s3,0,s3,0,s3,1,d3,1,d3,1,d3
11424,95.2,0,s3,0,s3,0,s3,1,d3,1,d3,1,d3
11432,95.26666666666667,0,s3,0,s3,0,s3,1,d3,1,d3,1,d3
11440,95.33333333333333,0,s3,0,s3,0,s3,1,d3,1,d3,1,d3
11448,95.4,0,s3,0,s3,0,s3,1,d3,1,d3,1,d3
11456,95.46666666666667,0,s3,0,s3,0,s3,1,d3,1,d3,1,d3
11464,95.53333333333333,0,s3,0,s3,0,s3,1,d3,1,d3,1,d3
11472,95.6,0,d1,0,d1,0,d1,1,d3,1,d3,1,d3
11480,95.66666666666667,0,d1,0,d1,0,d1,1,d3,1,d3,1,d3
11488,95.73333333333333,0,d1,0,d1,0,d1,1,d3,1,d3,1,d3
11496,95.8,0,d1,0,d1,0,d1,1,d3,1,d3,1,d3
11504,95.86666666666666,0,d1,0,d1,0,d1,1,d3,1,d3,1,d3
11512,95.93333333333334,0,d1,0,d1,0,d1,1,d3,1,d3,1,d3
11520,96.0,0,d1,0,d1,0,d1,1,d3,1,d3,1,d3
11528,96.06666666666666,0,d1,0,d1,0,d1,1,d3,1,d3,1,d3
11536,96.13333333333334,0,d1,0,d1,0,d1,1,d3,1,d3,1,d3
11544,96.2,0,d1,0,d1,0,d1,1,d3,1,d3,1,d3
11552,96.26666666666667,0,d1,0,d1,0,d1,1,d3,1,d3,1,d3
11560,96.33333333333333,0,d1,0,d1,0,d1,1,d3,1,d3,1,d3
11568,96.4,0,d1,0,d1,0,d1,1,d3,1,d3,1,d3
11576,96.46666666666667,0,d1,0,d1,0,d1,1,d3,1,d3,1,d3
11584,96.53333333333333,0,d1,0,d1,0,d1,1,d3,1,d3,1,d3
11592,96.6,0,d1,0,d1,0,d1,1,d3,1,d3,1,d3
11600,96.66666666666667,0,d1,0,d1,0,d1,1,d3,1,d3,1,d3
11608,96.73333333333333,0,d1,0,d1,0,d1,1,d3,1,d3,1,d3
11616,96.8,0,d1,0,d1,0,d1,1,d3,1,d3,1,d3
11624,96.86666666666666,0,d1,0,d1,0,d1,1,d3,1,d3,1,d3
11632,96.93333333333334,0,d1,0,d1,0,d1,1,d3,1,d3,1,d3
11640,97.0,0,d1,0,d1,0,d1,1,d3,1,d3,1,d3
11648,97.06666666666666,0,d1,0,d1,0,d1,1,d3,1,d3,1,d3
11656,97.13333333333334,0,d1,0,d1,0,d1,1,d3,1,d3,1,d3
11664,97.2,0,d1,0,d1,0,d1,1,d3,1,d3,1,d3
11672,97.26666666666667,0,d1,0,d1,0,d1,1,d3,1,d3,1,d3
11680,97.33333333333333,0,d1,0,d1,0,d1,1,d3,1,d3,1,d3
11688,97.4,0,d1,0,d1,0,d1,1,d3,1,d3,1,d3
11696,97.46666666666667,0,d1,0,d1,0,d1,1,d3,1,d3,1,d3
11704,97.53333333333333,0,d1,0,d1,0,d1,1,d3,1,d3,1,d3
11712,97.6,0,d1,0,d1,0,d1,1,d3,1,d3,1,d3
11720,97.66666666666667,0,d1,0,d1,0,d1,1,d3,1,d3,1,d3
11728,97.73333333333333,0,d1,0,d1,0,d1,1,d3,1,d3,1,d3
11736,97.8,0,d1,0,d1,0,d1,1,d3,1,d3,1,d3
11744,97.86666666666666,0,d1,0,d1,0,d1,1,d3,1,d3,1,d3
11752,97.93333333333334,0,d1,0,d1,0,d1,1,d3,1,d3,1,d3
11760,98.0,0,d1,0,d1,0,d1,1,d3,1,d3,1,d3
11768,98.06666666666666,0,d1,0,d1,0,d1,1,d3,1,d3,1,d3
11776,98.13333333333334,0,d1,0,d1,0,d1,1,d3,1,d3,1,d3
11784,98.2,0,d1,0,d1,0,d1,1,d3,1,d3,1,d3
11792,98.26666666666667,0,d1,0,d1,0,d1,1,d3,1,d3,1,d3
11800,98.33333333333333,0,d1,0,d1,0,d1,1,d3,1,d3,1,d3
11808,98.4,0,d1,0,d1,0,d1,1,d3,1,d3,1,d3
11816,98.46666666666667,0,d1,0,d1,0,d1,1,d3,1,d3,1,d3
11824,98.53333333333333,0,d1,0,d1,0,d1,1,d3,1,d3,1,d3
11832,98.6,0,d1,0,d1,0,d1,1,d3,1,d3,1,d3
11840,98.66666666666667,0,d1,0,d1,0,d1,1,d3,1,d3,1,d3
11848,98.73333333333333,0,d1,0,d1,0,d1,1,d3,1,d3,1,d3
11856,98.8,0,d1,0,d1,0,d1,1,d3,1,d3,1,d3
11864,98.86666666666666,0,d1,0,d1,0,d1,1,d3,1,d3,1,d3
11872,98.93333333333334,0,d1,0,d1,0,d1,1,d3,1,d3,1,d3
11880,99.0,0,d1,0,d1,0,d1,1,d3,1,d3,1,d3
11888,99.06666666666666,0,d1,0,d1,0,d1,1,d3,1,d3,1,d3
11896,99.13333333333334,0,d1,0,d1,0,d1,1,d3,1,d3,1,d3
11904,99.2,0,d1,0,d1,0,d1,1,d3,1,d3,1,d3
11912,99.26666666666667,0,d1,0,d1,0,d1,1,d3,1,d3,1,d3
11920,99.33333333333333,0,d1,0,d1,0,d1,1,d3,1,d3,1,d3
11928,99.4,0,d1,0,d1,0,d1,1,d3,1,d3,1,d3
11936,99.46666666666667,0,d1,0,d1,0,d1,1,d3,1,d3,1,d3
11944,99.53333333333333,0,d1,0,d1,0,d1,1,d3,1,d3,1,d3
11952,99.6,0,d1,0,d1,0,d1,1,d3,1,d3,1,d3
11960,99.66666666666667,0,d1,0,d1,0,d1,1,d3,1,d3,1,d3
11968,99.73333333333333,0,d1,0,d1,0,d1,1,d3,1,d3,1,d3
11976,99.8,0,d1,0,d1,0,d1,1,d3,1,d3,1,d3
11984,99.86666666666666,0,d1,0,d1,0,d1,1,d3,1,d3,1,d3
11992,99.93333333333334,0,d1,0,d1,0,d1,1,d3,1,d3,1,d3
12000,100.0,0,d1,0,d1,0,d1,1,d3,1,d3,1,d3
12008,100.06666666666666,0,d1,0,d1,0,d1,1,d3,1,d3,1,d3
12016,100.13333333333334,0,d1,0,d1,0,d1,1,d3,1,d3,1,d3
12024,100.2,0,d1,0,d1,0,d1,1,d3,1,d3,1,d3
12032,100.26666666666667,0,d1,0,d1,0,d1,1,d3,1,d3,1,d3
12040,100.33333333333333,0,d1,0,d1,0,d1,1,d3,1,d3,1,d3
12048,100.4,0,d1,0,d1,0,d1,1,d3,1,d3,1,d3
12056,100.46666666666667,0,d1,0,d1,0,d1,1,d3,1,d3,1,d3
12064,100.53333333333333,0,d1,0,d1,0,d1,1,d3,1,d3,1,d3
12072,100.6,0,d1,0,d1,0,d1,1,d3,1,d3,1,d3
12080,100.66666666666667,0,d1,0,d1,0,d1,1,d3,1,d3,1,d3
12088,100.73333333333333,0,d1,0,d1,0,d1,1,d3,1,d3,1,d3
12096,100.8,0,d1,0,d1,0,d1,1,d3,1,d3,1,d3
12104,100.86666666666666,0,d1,0,d1,0,d1,1,d3,1,d3,1,d3
12112,100.93333333333334,0,d1,0,d1,0,d1,1,d3,1,d3,1,d3
12120,101.0,0,d1,0,d1,0,d1,1,d3,1,d3,1,d3
12128,101.06666666666666,0,d1,0,d1,0,d1,1,d3,1,d3,1,d3
12136,101.13333333333334,0,d1,0,d1,0,d1,1,d3,1,d3,1,d3
12144,101.2,0,d1,0,d1,0,d1,1,d3,1,d3,1,d3
12152,101.26666666666667,0,d1,0,d1,0,d1,1,d3,1,d3,1,d3
12160,101.33333333333333,0,d1,0,d1,0,d1,1,d3,1,d3,1,d3
12168,101.4,0,d1,0,d1,0,d1,1,d3,1,d3,1,d3
12176,101.46666666666667,0,d1,0,d1,0,d1,1,d3,1,d3,1,d3
12184,101.53333333333333,0,d1,0,d1,0,d1,1,d3,1,d3,1,d3
12192,101.6,0,d1,0,d1,0,d1,1,d3,1,d3,1,d3
12200,101.66666666666667,0,d1,0,d1,0,d1,1,d3,1,d3,1,d3
12208,101.73333333333333,0,d1,0,d1,0,d1,1,d3,1,d3,1,d3
12216,101.8,0,d1,0,d1,0,d1,1,d3,1,d3,1,d3
12224,101.86666666666666,0,d1,0,d1,0,d1,1,d3,1,d3,1,d3
12232,101.93333333333334,0,d1,0,d1,0,d1,1,d3,1,d3,1,d3
12240,102.0,0,d1,0,d1,0,d1,1,d3,1,d3,1,d3
12248,102.06666666666666,0,d1,0,d1,0,d1,1,d3,1,d3,1,d3
12256,102.13333333333334,0,d1,0,d1,0,d1,1,d3,1,d3,1,d3
12264,102.2,0,d1,0,d1,0,d1,1,d3,1,d3,1,d3
12272,102.26666666666667,0,d1,0,d1,0,d1,1,d3,1,d3,1,d3
12280,102.33333333333333,0,d1,0,d1,0,d1,1,d3,1,d3,1,d3
12288,102.4,0,d1,0,d1,0,d1,1,d3,1,d3,1,d3
12296,102.46666666666667,0,d1,0,d1,0,d1,1,d3,1,d3,1,d3
12304,102.53333333333333,0,d1,0,d1,0,d1,1,d3,1,d3,1,d3
12312,102.6,0,d1,0,d1,0,d1,1,d3,1,d3,1,d3
12320,102.66666666666667,0,d1,0,d1,0,d1,1,d3,1,d3,1,d3
12328,102.73333333333333,0,d1,0,d1,0,d1,1,d3,1,d3,1,d3
12336,102.8,0,d1,0,d1,0,d1,1,d3,1,d3,1,d3
12344,102.86666666666666,0,d1,0,d1,0,d1,1,d3,1,d3,1,d3
12352,102.93333333333334,0,d1,0,d1,0,d1,1,d3,1,d3,1,d3
12360,103.0,0,d1,0,d1,0,d1,1,d3,1,d3,1,d3
12368,103.06666666666666,0,d1,0,d1,0,d1,1,d3,1,d3,1,d3
12376,103.13333333333334,0,d1,0,d1,0,d1,1,d3,1,d3,1,d3
12384,103.2,0,d1,0,d1,0,d1,1,d3,1,d3,1,d3
12392,103.26666666666667,0,d1,0,d1,0,d1,1,d3,1,d3,1,d3
12400,103.33333333333333,0,d1,0,d1,0,d1,1,d3,1,d3,1,d3
12408,103.4,0,d1,0,d1,0,d1,1,d3,1,d3,1,d3
12416,103.46666666666667,0,d1,0,d1,0,d1,1,d3,1,d3,1,d3
12424,103.53333333333333,0,d1,0,d1,0,d1,1,d3,1,d3,1,d3
12432,103.6,0,d1,0,d1,0,d1,1,d3,1,d3,1,d3
12440,103.66666666666667,0,d1,0,d1,0,d1,1,d3,1,d3,1,d3
12448,103.73333333333333,0,d1,0,d1,0,d1,1,d3,1,d3,1,d3
12456,103.8,0,d1,0,d1,0,d1,1,d3,1,d3,1,d3
12464,103.86666666666666,0,d1,0,d1,0,d1,1,d3,1,d3,1,d3
12472,103.93333333333334,0,d1,0,d1,0,d1,1,d3,1,d3,1,d3
12480,104.0,0,d1,0,d1,0,d1,1,d3,1,d3,1,d3
12488,104.06666666666666,0,d1,0,d1,0,d1,1,d3,1,d3,1,d3
12496,104.13333333333334,0,d1,0,d1,0,d1,1,d3,1,d3,1,d3
12504,104.2,0,d1,0,d1,0,d1,1,d3,1,d3,1,d3
12512,104.26666666666667,0,d1,0,d1,0,d1,1,d3,1,d3,1,d3
12520,104.33333333333333,0,d1,0,d1,0,d1,1,d3,1,d3,1,d3
12528,104.4,0,d1,0,d1,0,d1,1,d3,1,d3,1,d3
12536,104.46666666666667,0,d1,0,d1,0,d1,1,d3,1,d3,1,d3
12544,104.53333333333333,0,d1,0,d1,0,d1,1,d3,1,d3,1,d3
12552,104.6,0,d1,0,d1,0,d1,1,d3,1,d3,1,d3
12560,104.66666666666667,0,d1,0,d1,0,d1,1,d3,1,d3,1,d3
12568,104.73333333333333,0,d1,0,d1,0,d1,1,d3,1,d3,1,d3
12576,104.8,0,d1,0,d1,0,d1,1,d3,1,d3,1,d3
12584,104.86666666666666,0,d1,0,d1,0,d1,1,d3,1,d3,1,d3
12592,104.93333333333334,0,d1,0,d1,0,d1,1,d3,1,d3,1,d3
12600,105.0,0,d1,0,d1,0,d1,1,d3,1,d3,1,d3
12608,105.06666666666666,0,d1,0,d1,0,d1,1,d3,1,d3,1,d3
12616,105.13333333333334,0,d1,0,d1,0,d1,1,d3,1,d3,1,d3
12624,105.2,0,d1,0,d1,0,d1,1,d3,1,d3,1,d3
12632,105.26666666666667,0,d1,0,d1,0,d1,1,d3,1,d3,1,d3
12640,105.33333333333333,0,d1,0,d1,0,d1,1,d3,1,d3,1,d3
12648,105.4,0,d1,0,d1,0,d1,1,d3,1,d3,1,d3
12656,105.46666666666667,0,d1,0,d1,0,d1,1,d3,1,d3,1,d3
12664,105.53333333333333,0,d1,0,d1,0,d1,1,d3,1,d3,1,d3
12672,105.6,0,d1,0,d1,0,d1,1,d3,1,d3,1,d3
12680,105.66666666666667,0,d1,0,d1,0,d1,1,d3,1,d3,1,d3
12688,105.73333333333333,0,d1,0,d1,0,d1,1,d3,1,d3,1,d3
12696,105.8,0,d1,0,d1,0,d1,1,d3,1,d3,1,d3
12704,105.86666666666666,0,d1,0,d1,0,d1,1,d3,1,d3,1,d3
12712,105.93333333333334,0,d1,0,d1,0,d1,1,d3,1,d3,1,d3
12720,106.0,0,d1,0,d1,0,d1,1,d3,1,d3,1,d3
12728,106.06666666666666,0,d1,0,d1,0,d1,1,d3,1,d3,1,d3
12736,106.13333333333334,0,d1,0,d1,0,d1,1,d3,1,d3,1,d3
12744,106.2,0,d1,0,d1,0,d1,1,d3,1,d3,1,d3
12752,106.26666666666667,0,d1,0,d1,0,d1,1,d3,1,d3,1,d3
12760,106.33333333333333,0,d1,0,d1,0,d1,1,d3,1,d3,1,d3
12768,106.4,0,d1,0,d1,0,d1,1,d3,1,d3,1,d3
12776,106.46666666666667,0,d1,0,d1,0,d1,1,d3,1,d3,1,d3
12784,106.53333333333333,0,d1,0,d1,0,d1,1,d3,1,d3,1,d3
12792,106.6,0,d1,0,d1,0,d1,1,d3,1,d3,1,d3
12800,106.66666666666667,0,d1,0,d1,0,d1,1,d3,1,d3,1,d3
12808,106.73333333333333,0,d1,0,d1,0,d1,1,d3,1,d3,1,d3
12816,106.8,0,d1,0,d1,0,d1,1,d3,1,d3,1,d3
12824,106.86666666666666,0,d1,0,d1,0,d1,1,d3,1,d3,1,d3
12832,106.93333333333334,0,d1,0,d1,0,d1,1,d3,1,d3,1,d3
12840,107.0,0,d1,0,d1,0,d1,1,d3,1,d3,1,d3
12848,107.06666666666666,0,d1,0,d1,0,d1,1,d3,1,d3,1,d3
12856,107.13333333333334,0,d1,0,d1,0,d1,1,d3,1,d3,1,d3
12864,107.2,0,d1,0,d1,0,d1,1,d3,1,d3,1,d3
12872,107.26666666666667,0,d1,0,d1,0,d1,1,d3,1,d3,1,d3
12880,107.33333333333333,0,d1,0,d1,0,d1,1,d3,1,d3,1,d3
12888,107.4,0,d1,0,d1,0,d1,1,d3,1,d3,1,d3
12896,107.46666666666667,0,d1,0,d1,0,d1,1,d3,1,d3,1,d3
12904,107.53333333333333,0,d1,0,d1,0,d1,1,d3,1,d3,1,d3
12912,107.6,0,d1,0,d1,0,d1,1,d3,1,d3,1,d3
12920,107.66666666666667,0,d1,0,d1,0,d1,1,d3,1,d3,1,d3
12928,107.73333333333333,0,d1,0,d1,0,d1,1,d3,1,d3,1,d3
12936,107.8,0,d1,0,d1,0,d1,1,d3,1,d3,1,d3
12944,107.86666666666666,0,d1,0,d1,0,d1,1,d3,1,d3,1,d3
12952,107.93333333333334,0,d1,0,d1,0,d1,1,d3,1,d3,1,d3
12960,108.0,0,d1,0,d1,0,d1,1,d3,1,d3,1,d3
12968,108.06666666666666,0,d1,0,d1,0,d1,1,d3,1,d3,1,d3
12976,108.13333333333334,0,d1,0,d1,0,d1,1,d3,1,d3,1,d3
12984,108.2,0,d1,0,d1,0,d1,1,d3,1,d3,1,d3
12992,108.26666666666667,0,d1,0,d1,0,d1,1,d3,1,d3,1,d3
13000,108.33333333333333,0,d1,0,d1,0,d1,1,d3,1,d3,1,d3
13008,108.4,0,d1,0,d1,0,d1,1,d3,1,d3,1,d3
13016,108.46666666666667,0,d1,0,d1,0,d1,1,d3,1,d3,1,d3
13024,108.53333333333333,0,d1,0,d1,0,d1,1,d3,1,d3,1,d3
13032,108.6,0,d1,0,d1,0,d1,1,d3,1,d3,1,d3
13040,108.66666666666667,0,d1,0,d1,0,d1,1,d3,1,d3,1,d3
13048,108.73333333333333,0,d1,0,d1,0,d1,1,d3,1,d3,1,d3
13056,108.8,0,d1,0,d1,0,d1,1,d3,1,d3,1,d3
13064,108.86666666666666,0,d1,0,d1,0,d1,1,d3,1,d3,1,d3
13072,108.93333333333334,0,d1,0,d1,0,d1,1,d3,1,d3,1,d3
13080,109.0,0,d1,0,d1,0,d1,1,d3,1,d3,1,d3
13088,109.06666666666666,0,d1,0,d1,0,d1,1,d3,1,d3,1,d3
13096,109.13333333333334,0,d1,0,d1,0,d1,1,d3,1,d3,1,d3
13104,109.2,0,d1,0,d1,0,d1,1,d3,1,d3,1,d3
13112,109.26666666666667,0,d1,0,d1,0,d1,1,d3,1,d3,1,d3
13120,109.33333333333333,0,d1,0,d1,0,d1,1,d3,1,d3,1,d3
13128,109.4,0,d1,0,d1,0,d1,1,d3,1,d3,1,d3
13136,109.46666666666667,0,d1,0,d1,0,d1,1,d3,1,d3,1,d3
13144,109.53333333333333,0,d1,0,d1,0,d1,1,d3,1,d3,1,d3
13152,109.6,0,d1,0,d1,0,d1,1,d3,1,d3,1,d3
13160,109.66666666666667,0,d1,0,d1,0,d1,1,d3,1,d3,1,d3
13168,109.73333333333333,0,d1,0,d1,0,d1,1,d3,1,d3,1,d3
13176,109.8,0,d1,0,d1,0,d1,1,d3,1,d3,1,d3
13184,109.86666666666666,0,d1,0,d1,0,d1,1,d3,1,d3,1,d3
13192,109.93333333333334,0,d1,0,d1,0,d1,1,d3,1,d3,1,d3
13200,110.0,0,d1,0,d1,0,d1,1,d3,1,d3,1,d3
13208,110.06666666666666,0,d1,0,d1,0,d1,1,d3,1,d3,1,d3
13216,110.13333333333334,0,d1,0,d1,0,d1,1,d3,1,d3,1,d3
13224,110.2,0,d1,0,d1,0,d1,1,d3,1,d3,1,d3
13232,110.26666666666667,0,d1,0,d1,0,d1,1,d3,1,d3,1,d3
13240,110.33333333333333,0,d1,0,d1,0,d1,1,d3,1,d3,1,d3
13248,110.4,0,d1,0,d1,0,d1,1,d3,1,d3,1,d3
13256,110.46666666666667,0,d1,0,d1,0,d1,1,d3,1,d3,1,d3
13264,110.53333333333333,0,d1,0,d1,0,d1,1,d3,1,d3,1,d3
13272,110.6,0,d1,0,d1,0,d1,1,d3,1,d3,1,d3
13280,110.66666666666667,0,d1,0,d1,0,d1,1,d3,1,d3,1,d3
13288,110.73333333333333,0,d1,0,d1,0,d1,1,d3,1,d3,1,d3
13296,110.8,0,d1,0,d1,0,d1,1,d3,1,d3,1,d3
13304,110.86666666666666,0,d1,0,d1,0,d1,1,d3,1,d3,1,d3
13312,110.93333333333334,0,d1,0,d1,0,d1,1,d3,1,d3,1,d3
13320,111.0,0,d1,0,d1,0,d1,1,d3,1,d3,1,d3
13328,111.06666666666666,0,d1,0,d1,0,d1,1,d3,1,d3,1,d3
13336,111.13333333333334,0,d1,0,d1,0,d1,1,d3,1,d3,1,d3
13344,111.2,0,d1,0,d1,0,d1,1,d3,1,d3,1,d3
13352,111.26666666666667,0,d1,0,d1,0,d1,1,d3,1,d3,1,d3
13360,111.33333333333333,0,d1,0,d1,0,d1,1,d3,1,d3,1,d3
13368,111.4,0,d1,0,d1,0,d1,1,d3,1,d3,1,d3
13376,111.46666666666667,0,d1,0,d1,0,d1,1,d3,1,d3,1,d3
13384,111.53333333333333,0,d1,0,d1,0,d1,1,d3,1,d3,1,d3
13392,111.6,0,d1,0,d1,0,d1,1,d3,1,d3,1,d3
13400,111.66666666666667,0,d1,0,d1,0,d1,1,d3,1,d3,1,d3
13408,111.73333333333333,0,d1,0,d1,0,d1,1,d3,1,d3,1,d3
13416,111.8,0,d1,0,d1,0,d1,1,d3,1,d3,1,d3
13424,111.86666666666666,0,d1,0,d1,0,d1,1,d3,1,d3,1,d3
13432,111.93333333333334,0,d1,0,d1,0,d1,1,d3,1,d3,1,d3
13440,112.0,0,d1,0,d1,0,d1,1,d3,1,d3,1,d3
13448,112.06666666666666,0,d1,0,d1,0,d1,1,d3,1,d3,1,d3
13456,112.13333333333334,0,d1,0,d1,0,d1,1,d3,1,d3,1,d3
13464,112.2,0,d1,0,d1,0,d1,1,d3,1,d3,1,d3
13472,112.26666666666667,0,d1,0,d1,0,d1,1,d3,1,d3,1,d3
13480,112.33333333333333,0,d1,0,d1,0,d1,1,d3,1,d3,1,d3
13488,112.4,0,d1,0,d1,0,d1,1,d3,1,d3,1,d3
13496,112.46666666666667,0,d1,0,d1,0,d1,1,d3,1,d3,1,d3
13504,112.53333333333333,0,d1,0,d1,0,d1,1,d3,1,d3,1,d3
13512,112.6,0,d1,0,d1,0,d1,1,d3,1,d3,1,d3
13520,112.66666666666667,0,d1,0,d1,0,d1,1,d3,1,d3,1,d3
13528,112.73333333333333,0,d1,0,d1,0,d1,1,d3,1,d3,1,d3
13536,112.8,0,d1,0,d1,0,d1,1,d3,1,d3,1,d3
13544,112.86666666666666,0,d1,0,d1,0,d1,1,d3,1,d3,1,d3
13552,112.93333333333334,0,d1,0,d1,0,d1,1,d3,1,d3,1,d3
13560,113.0,0,d1,0,d1,0,d1,1,d3,1,d3,1,d3
13568,113.06666666666666,0,d1,0,d1,0,d1,1,d3,1,d3,1,d3
13576,113.13333333333334,0,d1,0,d1,0,d1,1,d3,1,d3,1,d3
13584,113.2,0,d1,0,d1,0,d1,1,d3,1,d3,1,d3
13592,113.26666666666667,0,d1,0,d1,0,d1,1,d3,1,d3,1,d3
13600,113.33333333333333,0,d1,0,d1,0,d1,1,d3,1,d3,1,d3
13608,113.4,0,d1,0,d1,0,d1,1,d3,1,d3,1,d3
13616,113.46666666666667,0,d1,0,d1,0,d1,1,d3,1,d3,1,d3
13624,113.53333333333333,0,d1,0,d1,0,d1,1,d3,1,d3,1,d3
13632,113.6,0,d1,0,d1,0,d1,1,d3,1,d3,1,d3
13640,113.66666666666667,0,d1,0,d1,0,d1,1,d3,1,d3,1,d3
13648,113.73333333333333,0,d1,0,d1,0,d1,1,d3,1,d3,1,d3
13656,113.8,0,d1,0,d1,0,d1,1,d3,1,d3,1,d3
13664,113.86666666666666,0,d1,0,d1,0,d1,1,d3,1,d3,1,d3
13672,113.93333333333334,0,d1,0,d1,0,d1,1,d3,1,d3,1,d3
13680,114.0,0,d1,0,d1,0,d1,1,d3,1,d3,1,d3
13688,114.06666666666666,0,d1,0,d1,0,d1,1,d3,1,d3,1,d3
13696,114.13333333333334,0,d1,0,d1,0,d1,1,d3,1,d3,1,d3
13704,114.2,0,d1,0,d1,0,d1,1,d3,1,d3,1,d3
13712,114.26666666666667,0,d1,0,d1,0,d1,1,d3,1,d3,1,d3
13720,114.33333333333333,0,d1,0,d1,0,d1,1,d3,1,d3,1,d3
13728,114.4,0,d1,0,d1,0,d1,1,d3,1,d3,1,d3
13736,114.46666666666667,0,d1,0,d1,0,d1,1,d3,1,d3,1,d3
13744,114.53333333333333,0,d1,0,d1,0,d1,1,d3,1,d3,1,d3
13752,114.6,0,d1,0,d1,0,d1,1,d3,1,d3,1,d3
13760,114.66666666666667,0,d1,0,d1,0,d1,1,d3,1,d3,1,d3
13768,114.73333333333333,0,d1,0,d1,0,d1,1,d3,1,d3,1,d3
13776,114.8,0,d1,0,d1,0,d1,1,d3,1,d3,1,d3
13784,114.86666666666666,0,d1,0,d1,0,d1,1,d3,1,d3,1,d3
13792,114.93333333333334,0,d1,0,d1,0,d1,1,d3,1,d3,1,d3
13800,115.0,0,d1,0,d1,0,d1,1,d3,1,d3,1,d3
13808,115.06666666666666,0,d1,0,d1,0,d1,1,d3,1,d3,1,d3
13816,115.13333333333334,0,d1,0,d1,0,d1,1,d3,1,d3,1,d3
13824,115.2,0,d1,0,d1,0,d1,1,d3,1,d3,1,d3
13832,115.26666666666667,0,d1,0,d1,0,d1,1,d3,1,d3,1,d3
13840,115.33333333333333,0,d1,0,d1,0,d1,1,d3,1,d3,1,d3
13848,115.4,0,d1,0,d1,0,d1,1,d3,1,d3,1,d3
13856,115.46666666666667,0,d1,0,d1,0,d1,1,d3,1,d3,1,d3
13864,115.53333333333333,0,d1,0,d1,0,d1,1,d3,1,d3,1,d3
13872,115.6,0,d1,0,d1,0,d1,1,d3,1,d3,1,d3
13880,115.66666666666667,0,d1,0,d1,0,d1,1,d3,1,d3,1,d3
13888,115.73333333333333,0,d1,0,d1,0,d1,1,d3,1,d3,1,d3
13896,115.8,0,d1,0,d1,0,d1,1,d3,1,d3,1,d3
13904,115.86666666666666,0,d1,0,d1,0,d1,1,d3,1,d3,1,d3
13912,115.93333333333334,0,d1,0,d1,0,d1,1,d3,1,d3,1,d3
13920,116.0,0,d1,0,d1,0,d1,1,d3,1,d3,1,d3
13928,116.06666666666666,0,d1,0,d1,0,d1,1,d3,1,d3,1,d3
13936,116.13333333333334,0,d1,0,d1,0,d1,1,d3,1,d3,1,d3
13944,116.2,0,d1,0,d1,0,d1,1,d3,1,d3,1,d3
13952,116.26666666666667,0,d1,0,d1,0,d1,1,d3,1,d3,1,d3
13960,116.33333333333333,0,d1,0,d1,0,d1,1,d3,1,d3,1,d3
13968,116.4,0,d1,0,d1,0,d1,1,d3,1,d3,1,d3
13976,116.46666666666667,0,d1,0,d1,0,d1,1,d3,1,d3,1,d3
13984,116.53333333333333,0,d1,0,d1,0,d1,1,d3,1,d3,1,d3
13992,116.6,0,d1,0,d1,0,d1,1,d3,1,d3,1,d3
14000,116.66666666666667,0,d1,0,d1,0,d1,1,d3,1,d3,1,d3
14008,116.73333333333333,0,d1,0,d1,0,d1,1,d3,1,d3,1,d3
14016,116.8,0,d1,0,d1,0,d1,1,d3,1,d3,1,d3
14024,116.86666666666666,0,d1,0,d1,0,d1,1,d3,1,d3,1,d3
14032,116.93333333333334,0,d1,0,d1,0,d1,1,d3,1,d3,1,d3
14040,117.0,0,d1,0,d1,0,d1,1,d3,1,d3,1,d3
14048,117.06666666666666,0,d1,0,d1,0,d1,1,d3,1,d3,1,d3
14056,117.13333333333334,0,d1,0,d1,0,d1,1,d3,1,d3,1,d3
14064,117.2,0,d1,0,d1,0,d1,1,d3,1,d3,1,d3
14072,117.26666666666667,0,d1,0,d1,0,d1,1,d3,1,d3,1,d3
14080,117.33333333333333,0,d1,0,d1,0,d1,1,d3,1,d3,1,d3
14088,117.4,0,d1,0,d1,0,d1,1,d3,1,d3,1,d3
14096,117.46666666666667,0,d1,0,d1,0,d1,1,d3,1,d3,1,d3
14104,117.53333333333333,0,d1,0,d1,0,d1,1,d3,1,d3,1,d3
14112,117.6,0,d1,0,d1,0,d1,1,d3,1,d3,1,d3
14120,117.66666666666667,0,d1,0,d1,0,d1,1,d3,1,d3,1,d3
14128,117.73333333333333,0,d1,0,d1,0,d1,1,d3,1,d3,1,d3
14136,117.8,0,d1,0,d1,0,d1,1,d3,1,d3,1,d3
14144,117.86666666666666,0,d1,0,d1,0,d1,1,d3,1,d3,1,d3
14152,117.93333333333334,0,d1,0,d1,0,d1,1,d3,1,d3,1,d3
14160,118.0,0,d1,0,d1,0,d1,1,d3,1,d3,1,d3
14168,118.06666666666666,0,d1,0,d1,0,d1,1,d3,1,d3,1,d3
14176,118.13333333333334,0,d1,0,d1,0,d1,1,d3,1,d3,1,d3
14184,118.2,0,d1,0,d1,0,d1,1,d3,1,d3,1,d3
14192,118.26666666666667,0,d1,0,d1,0,d1,1,d3,1,d3,1,d3
14200,118.33333333333333,0,d1,0,d1,0,d1,1,d3,1,d3,1,d3
14208,118.4,0,d1,0,d1,0,d1,1,d3,1,d3,1,d3
14216,118.46666666666667,0,d1,0,d1,0,d1,1,d3,1,d3,1,d3
14224,118.53333333333333,0,d1,0,d1,0,d1,1,d3,1,d3,1,d3
14232,118.6,0,d1,0,d1,0,d1,1,d3,1,d3,1,d3
14240,118.66666666666667,0,d1,0,d1,0,d1,1,d3,1,d3,1,d3
14248,118.73333333333333,0,d1,0,d1,0,d1,1,d3,1,d3,1,d3
14256,118.8,0,d1,0,d1,0,d1,1,d3,1,d3,1,d3
14264,118.86666666666666,0,d1,0,d1,0,d1,1,d3,1,d3,1,d3
14272,118.93333333333334,0,d1,0,d1,0,d1,1,d3,1,d3,1,d3
14280,119.0,0,d1,0,d1,0,d1,1,d3,1,d3,1,d3
14288,119.06666666666666,0,d1,0,d1,0,d1,1,d3,1,d3,1,d3
14296,119.13333333333334,0,d1,0,d1,0,d1,1,d3,1,d3,1,d3
14304,119.2,0,d1,0,d1,0,d1,1,d3,1,d3,1,d3
14312,119.26666666666667,0,d1,0,d1,0,d1,1,d3,1,d3,1,d3
14320,119.33333333333333,0,d1,0,d1,0,d1,1,d3,1,d3,1,d3
14328,119.4,0,d1,0,d1,0,d1,1,d3,1,d3,1,d3
14336,119.46666666666667,0,d1,0,d1,0,d1,1,d3,1,d3,1,d3
14344,119.53333333333333,0,d1,0,d1,0,d1,1,d3,1,d3,1,d3
14352,119.6,0,d1,0,d1,0,d1,1,d3,1,d3,1,d3
14360,119.66666666666667,0,d1,0,d1,0,d1,1,d3,1,d3,1,d3
14368,119.73333333333333,0,d1,0,d1,0,d1,1,d3,1,d3,1,d3
14376,119.8,0,d1,0,d1,0,d1,1,d3,1,d3,1,d3
14384,119.86666666666666,0,d1,0,d1,0,d1,1,d3,1,d3,1,d3
14392,119.93333333333334,0,d1,0,d1,0,d1,1,d3,1,d3,1,d3
14400,120.0,0,d1,0,d1,0,d1,1,d3,1,d3,1,d3
14408,120.06666666666666,0,d1,0,d1,0,d1,1,d3,1,d3,1,d3
14416,120.13333333333334,0,d1,0,d1,0,d1,1,d3,1,d3,1,d3
14424,120.2,0,d1,0,d1,0,d1,1,d3,1,d3,1,d3
14432,120.26666666666667,0,d1,0,d1,0,d1,1,d3,1,d3,1,d3
14440,120.33333333333333,0,d1,0,d1,0,d1,1,d3,1,d3,1,d3
14448,120.4,0,d1,0,d1,0,d1,1,d3,1,d3,1,d3
14456,120.46666666666667,0,d1,0,d1,0,d1,1,d3,1,d3,1,d3
14464,120.53333333333333,0,d1,0,d1,0,d1,1,d3,1,d3,1,d3
14472,120.6,0,d1,0,d1,0,d1,1,d3,1,d3,1,d3
14480,120.66666666666667,0,d1,0,d1,0,d1,1,d3,1,d3,1,d3
14488,120.73333333333333,0,d1,0,d1,0,d1,1,d3,1,d3,1,d3
14496,120.8,0,d1,0,d1,0,d1,1,d3,1,d3,1,d3
14504,120.86666666666666,0,d1,0,d1,0,d1,1,d3,1,d3,1,d3
14512,120.93333333333334,0,d1,0,d1,0,d1,1,d3,1,d3,1,d3
14520,121.0,0,d1,0,d1,0,d1,1,d3,1,d3,1,d3
14528,121.06666666666666,0,d1,0,d1,0,d1,1,d3,1,d3,1,d3
14536,121.13333333333334,0,d1,0,d1,0,d1,1,d3,1,d3,1,d3
14544,121.2,0,d1,0,d1,0,d1,1,d3,1,d3,1,d3
14552,121.26666666666667,0,d1,0,d1,0,d1,1,d3,1,d3,1,d3
14560,121.33333333333333,0,d1,0,d1,0,d1,1,d3,1,d3,1,d3
14568,121.4,0,d1,0,d1,0,d1,1,d3,1,d3,1,d3
14576,121.46666666666667,0,d1,0,d1,0,d1,1,d3,1,d3,1,d3
14584,121.53333333333333,0,d1,0,d1,0,d1,1,d3,1,d3,1,d3
14592,121.6,0,d1,0,d1,0,d1,1,d3,1,d3,1,d3
14600,121.66666666666667,0,d1,0,d1,0,d1,1,d3,1,d3,1,d3
14608,121.73333333333333,0,d1,0,d1,0,d1,1,d3,1,d3,1,d3
14616,121.8,0,d1,0,d1,0,d1,1,d3,1,d3,1,d3
14624,121.86666666666666,0,d1,0,d1,0,d1,1,d3,1,d3,1,d3
14632,121.93333333333334,0,d1,0,d1,0,d1,1,d3,1,d3,1,d3
14640,122.0,0,d1,0,d1,0,d1,1,d3,1,d3,1,d3
14648,122.06666666666666,0,d1,0,d1,0,d1,1,d3,1,d3,1,d3
14656,122.13333333333334,0,d1,0,d1,0,d1,1,d3,1,d3,1,d3
14664,122.2,0,d1,0,d1,0,d1,1,d3,1,d3,1,d3
14672,122.26666666666667,0,d1,0,d1,0,d1,1,d3,1,d3,1,d3
14680,122.33333333333333,0,d1,0,d1,0,d1,1,d3,1,d3,1,d3
14688,122.4,0,d1,0,d1,0,d1,1,d3,1,d3,1,d3
14696,122.46666666666667,0,d1,0,d1,0,d1,1,d3,1,d3,1,d3
14704,122.53333333333333,0,d1,0,d1,0,d1,1,d3,1,d3,1,d3
14712,122.6,0,d1,0,d1,0,d1,1,d3,1,d3,1,d3
14720,122.66666666666667,0,d1,0,d1,0,d1,1,d3,1,d3,1,d3
14728,122.73333333333333,0,d1,0,d1,0,d1,1,d3,1,d3,1,d3
14736,122.8,0,d1,0,d1,0,d1,1,d3,1,d3,1,d3
14744,122.86666666666666,0,d1,0,d1,0,d1,1,d3,1,d3,1,d3
14752,122.93333333333334,0,d1,0,d1,0,d1,1,d3,1,d3,1,d3
14760,123.0,0,d1,0,d1,0,d1,1,d3,1,d3,1,d3
14768,123.06666666666666,0,d1,0,d1,0,d1,1,d3,1,d3,1,d3
14776,123.13333333333334,0,d1,0,d1,0,d1,1,d3,1,d3,1,d3
14784,123.2,0,d1,0,d1,0,d1,1,d3,1,d3,1,d3
14792,123.26666666666667,0,d1,0,d1,0,d1,1,d3,1,d3,1,d3
14800,123.33333333333333,0,d1,0,d1,0,d1,1,d3,1,d3,1,d3
14808,123.4,0,d1,0,d1,0,d1,1,d3,1,d3,1,d3
14816,123.46666666666667,0,d1,0,d1,0,d1,1,d3,1,d3,1,d3
14824,123.53333333333333,0,d1,0,d1,0,d1,1,d3,1,d3,1,d3
14832,123.6,0,d1,0,d1,0,d1,1,d3,1,d3,1,d3
14840,123.66666666666667,0,d1,0,d1,0,d1,1,d3,1,d3,1,d3
14848,123.73333333333333,0,d1,0,d1,0,d1,1,d3,1,d3,1,d3
14856,123.8,0,d1,0,d1,0,d1,1,d3,1,d3,1,d3
14864,123.86666666666666,0,d1,0,d1,0,d1,1,d3,1,d3,1,d3
14872,123.93333333333334,0,d1,0,d1,0,d1,1,d3,1,d3,1,d3
14880,124.0,0,d1,0,d1,0,d1,1,d3,1,d3,1,d3
14888,124.06666666666666,0,d1,0,d1,0,d1,1,d3,1,d3,1,d3
14896,124.13333333333334,0,d1,0,d1,0,d1,1,d3,1,d3,1,d3
14904,124.2,0,d1,0,d1,0,d1,1,d3,1,d3,1,d3
14912,124.26666666666667,0,d1,0,d1,0,d1,1,d3,1,d3,1,d3
14920,124.33333333333333,0,d1,0,d1,0,d1,1,d3,1,d3,1,d3
14928,124.4,0,d1,0,d1,0,d1,1,d3,1,d3,1,d3
14936,124.46666666666667,0,d1,0,d1,0,d1,1,d3,1,d3,1,d3
14944,124.53333333333333,0,d1,0,d1,0,d1,1,d3,1,d3,1,d3
14952,124.6,0,d1,0,d1,0,d1,1,d3,1,d3,1,d3
14960,124.66666666666667,0,d1,0,d1,0,d1,1,d3,1,d3,1,d3
14968,124.73333333333333,0,d1,0,d1,0,d1,1,d3,1,d3,1,d3
14976,124.8,0,d1,0,d1,0,d1,1,d3,1,d3,1,d3
14984,124.86666666666666,0,d1,0,d1,0,d1,1,d3,1,d3,1,d3
14992,124.93333333333334,0,d1,0,d1,0,d1,1,d3,1,d3,1,d3
15000,125.0,0,d1,0,d1,0,d1,1,d3,1,d3,1,d3
15008,125.06666666666666,0,d1,0,d1,0,d1,1,d3,1,d3,1,d3
15016,125.13333333333334,0,d1,0,d1,0,d1,1,d3,1,d3,1,d3
15024,125.2,0,d1,0,d1,0,d1,1,d3,1,d3,1,d3
15032,125.26666666666667,0,d1,0,d1,0,d1,1,d3,1,d3,1,d3
15040,125.33333333333333,0,d1,0,d1,0,d1,1,d3,1,d3,1,d3
15048,125.4,0,d1,0,d1,0,d1,1,d3,1,d3,1,d3
15056,125.46666666666667,0,d1,0,d1,0,d1,1,d3,1,d3,1,d3
15064,125.53333333333333,0,d1,0,d1,0,d1,1,d3,1,d3,1,d3
15072,125.6,0,d1,0,d1,0,d1,1,d3,1,d3,1,d3
15080,125.66666666666667,0,d1,0,d1,0,d1,1,d3,1,d3,1,d3
15088,125.73333333333333,0,d1,0,d1,0,d1,1,d3,1,d3,1,d3
15096,125.8,0,d1,0,d1,0,d1,1,d3,1,d3,1,d3
15104,125.86666666666666,0,d1,0,d1,0,d1,1,d3,1,d3,1,d3
15112,125.93333333333334,0,d1,0,d1,0,d1,1,d3,1,d3,1,d3
15120,126.0,0,d1,0,d1,0,d1,1,d3,1,d3,1,d3
15128,126.06666666666666,0,d1,0,d1,0,d1,1,d3,1,d3,1,d3
15136,126.13333333333334,0,d1,0,d1,0,d1,1,d3,1,d3,1,d3
15144,126.2,0,d1,0,d1,0,d1,1,d3,1,d3,1,d3
15152,126.26666666666667,0,d1,0,d1,0,d1,1,d3,1,d3,1,d3
15160,126.33333333333333,0,d1,0,d1,0,d1,1,d3,1,d3,1,d3
15168,126.4,0,d1,0,d1,0,d1,1,d3,1,d3,1,d3
15176,126.46666666666667,0,d1,0,d1,0,d1,1,d3,1,d3,1,d3
15184,126.53333333333333,0,d1,0,d1,0,d1,1,d3,1,d3,1,d3
15192,126.6,0,d1,0,d1,0,d1,1,d3,1,d3,1,d3
15200,126.66666666666667,0,d1,0,d1,0,d1,1,d3,1,d3,1,d3
15208,126.73333333333333,0,d1,0,d1,0,d1,1,d3,1,d3,1,d3
15216,126.8,0,d1,0,d1,0,d1,1,d3,1,d3,1,d3
15224,126.86666666666666,0,d1,0,d1,0,d1,1,d3,1,d3,1,d3
15232,126.93333333333334,0,d1,0,d1,0,d1,1,d3,1,d3,1,d3
15240,127.0,0,d1,0,d1,0,d1,1,d3,1,d3,1,d3
15248,127.06666666666666,0,d1,0,d1,0,d1,1,d3,1,d3,1,d3
15256,127.13333333333334,0,d1,0,d1,0,d1,1,d3,1,d3,1,d3
15264,127.2,0,d1,0,d1,0,d1,1,d3,1,d3,1,d3
15272,127.26666666666667,0,d1,0,d1,0,d1,1,d3,1,d3,1,d3
15280,127.33333333333333,0,d1,0,d1,0,d1,1,d3,1,d3,1,d3
15288,127.4,0,d1,0,d1,0,d1,1,d3,1,d3,1,d3
15296,127.46666666666667,0,d1,0,d1,0,d1,1,d3,1,d3,1,d3
15304,127.53333333333333,0,d1,0,d1,0,d1,1,d3,1,d3,1,d3
15312,127.6,0,d1,0,d1,0,d1,1,d3,1,d3,1,d3
15320,127.66666666666667,0,d1,0,d1,0,d1,1,d3,1,d3,1,d3
15328,127.73333333333333,0,d1,0,d1,0,d1,1,d3,1,d3,1,d3
15336,127.8,0,d1,0,d1,0,d1,1,d3,1,d3,1,d3
15344,127.86666666666666,0,d1,0,d1,0,d1,1,d3,1,d3,1,d3
15352,127.93333333333334,0,d1,0,d1,0,d1,1,d3,1,d3,1,d3
15360,128.0,0,d1,0,d1,0,d1,1,d3,1,d3,1,d3
15368,128.06666666666666,0,d1,0,d1,0,d1,1,d3,1,d3,1,d3
15376,128.13333333333333,0,d1,0,d1,0,d1,1,d3,1,d3,1,d3
15384,128.2,0,d1,0,d1,0,d1,1,d3,1,d3,1,d3
15392,128.26666666666668,0,d1,0,d1,0,d1,1,d3,1,d3,1,d3
15400,128.33333333333334,0,d1,0,d1,0,d1,1,d3,1,d3,1,d3
15408,128.4,0,d1,0,d1,0,d1,1,d3,1,d3,1,d3
15416,128.46666666666667,0,d1,0,d1,0,d1,1,d3,1,d3,1,d3
15424,128.53333333333333,0,d1,0,d1,0,d1,1,d3,1,d3,1,d3
15432,128.6,0,d1,0,d1,0,d1,1,d3,1,d3,1,d3
15440,128.66666666666666,0,d1,0,d1,0,d1,1,d3,1,d3,1,d3
15448,128.73333333333332,0,d1,0,d1,0,d1,1,d3,1,d3,1,d3
15456,128.8,0,d1,0,d1,0,d1,1,d3,1,d3,1,d3
15464,128.86666666666667,0,d1,0,d1,0,d1,1,d3,1,d3,1,d3
15472,128.93333333333334,0,d1,0,d1,0,d1,1,d3,1,d3,1,d3
15480,129.0,0,d1,0,d1,0,d1,1,d3,1,d3,1,d3
15488,129.06666666666666,0,d1,0,d1,0,d1,1,d3,1,d3,1,d3
15496,129.13333333333333,0,d1,0,d1,0,d1,1,d3,1,d3,1,d3
15504,129.2,0,d1,0,d1,0,d1,1,d3,1,d3,1,d3
15512,129.26666666666668,0,d1,0,d1,0,d1,1,d3,1,d3,1,d3
15520,129.33333333333334,0,d1,0,d1,0,d1,1,d3,1,d3,1,d3
15528,129.4,0,d1,0,d1,0,d1,1,d3,1,d3,1,d3
15536,129.46666666666667,0,d1,0,d1,0,d1,1,d3,1,d3,1,d3
15544,129.53333333333333,0,d1,0,d1,0,d1,1,d3,1,d3,1,d3
15552,129.6,0,d1,0,d1,0,d1,1,d3,1,d3,1,d3
15560,129.66666666666666,0,d1,0,d1,0,d1,1,d3,1,d3,1,d3
15568,129.73333333333332,0,d1,0,d1,0,d1,1,d3,1,d3,1,d3
15576,129.8,0,d1,0,d1,0,d1,1,d3,1,d3,1,d3
15584,129.86666666666667,0,d1,0,d1,0,d1,1,d3,1,d3,1,d3
15592,129.93333333333334,0,d1,0,d1,0,d1,1,d3,1,d3,1,d3
15600,130.0,0,d1,0,d1,0,d1,1,d3,1,d3,1,d3
15608,130.06666666666666,0,d1,0,d1,0,d1,1,d3,1,d3,1,d3
15616,130.13333333333333,0,d1,0,d1,0,d1,1,d3,1,d3,1,d3
15624,130.2,0,d1,0,d1,0,d1,1,d3,1,d3,1,d3
15632,130.26666666666668,0,d1,0,d1,0,d1,1,d3,1,d3,1,d3
15640,130.33333333333334,0,d1,0,d1,0,d1,1,d3,1,d3,1,d3
15648,130.4,0,d1,0,d1,0,d1,1,d3,1,d3,1,d3
15656,130.46666666666667,0,d1,0,d1,0,d1,1,d3,1,d3,1,d3
15664,130.53333333333333,0,d1,0,d1,0,d1,1,d3,1,d3,1,d3
15672,130.6,0,d1,0,d1,0,d1,1,d3,1,d3,1,d3
15680,130.66666666666666,0,d1,0,d1,0,d1,1,d3,1,d3,1,d3
15688,130.73333333333332,0,d1,0,d1,0,d1,1,d3,1,d3,1,d3
15696,130.8,0,d1,0,d1,0,d1,1,d3,1,d3,1,d3
15704,130.86666666666667,0,d1,0,d1,0,d1,1,d3,1,d3,1,d3
15712,130.93333333333334,0,d1,0,d1,0,d1,1,d3,1,d3,1,d3
15720,131.0,0,d1,0,d1,0,d1,1,d3,1,d3,1,d3
15728,131.06666666666666,0,d1,0,d1,0,d1,1,d3,1,d3,1,d3
15736,131.13333333333333,0,d1,0,d1,0,d1,1,d3,1,d3,1,d3
15744,131.2,0,d1,0,d1,0,d1,1,d3,1,d3,1,d3
15752,131.26666666666668,0,d1,0,d1,0,d1,1,d3,1,d3,1,d3
15760,131.33333333333334,0,d1,0,d1,0,d1,1,d3,1,d3,1,d3
15768,131.4,0,d1,0,d1,0,d1,1,d3,1,d3,1,d3
15776,131.46666666666667,0,d1,0,d1,0,d1,1,d3,1,d3,1,d3
15784,131.53333333333333,0,d1,0,d1,0,d1,1,d3,1,d3,1,d3
15792,131.6,0,d1,0,d1,0,d1,1,d3,1,d3,1,d3
15800,131.66666666666666,0,d1,0,d1,0,d1,1,d3,1,d3,1,d3
15808,131.73333333333332,0,d1,0,d1,0,d1,1,d3,1,d3,1,d3
15816,131.8,0,d1,0,d1,0,d1,1,d3,1,d3,1,d3
15824,131.86666666666667,0,d1,0,d1,0,d1,1,d3,1,d3,1,d3
15832,131.93333333333334,0,d1,0,d1,0,d1,1,d3,1,d3,1,d3
15840,132.0,0,d1,0,d1,0,d1,1,d3,1,d3,1,d3
15848,132.06666666666666,0,d1,0,d1,0,d1,1,d3,1,d3,1,d3
15856,132.13333333333333,0,d1,0,d1,0,d1,1,d3,1,d3,1,d3
15864,132.2,0,d1,0,d1,0,d1,1,d3,1,d3,1,d3
15872,132.26666666666668,0,d1,0,d1,0,d1,1,d3,1,d3,1,d3
15880,132.33333333333334,0,d1,0,d1,0,d1,1,d3,1,d3,1,d3
15888,132.4,0,d1,0,d1,0,d1,1,d3,1,d3,1,d3
15896,132.46666666666667,0,d1,0,d1,0,d1,1,d3,1,d3,1,d3
15904,132.53333333333333,0,d1,0,d1,0,d1,1,d3,1,d3,1,d3
15912,132.6,0,d1,0,d1,0,d1,1,d3,1,d3,1,d3
15920,132.66666666666666,0,d1,0,d1,0,d1,1,d3,1,d3,1,d3
15928,132.73333333333332,0,d1,0,d1,0,d1,1,d3,1,d3,1,d3
15936,132.8,0,d1,0,d1,0,d1,1,d3,1,d3,1,d3
15944,132.86666666666667,0,d1,0,d1,0,d1,1,d3,1,d3,1,d3
15952,132.93333333333334,0,d1,0,d1,0,d1,1,d3,1,d3,1,d3
15960,133.0,0,d1,0,d1,0,d1,1,d3,1,d3,1,d3
15968,133.06666666666666,0,d1,0,d1,0,d1,1,d3,1,d3,1,d3
15976,133.13333333333333,0,d1,0,d1,0,d1,1,d3,1,d3,1,d3
15984,133.2,0,d1,0,d1,0,d1,1,d3,1,d3,1,d3
15992,133.26666666666668,0,d1,0,d1,0,d1,1,d3,1,d3,1,d3
16000,133.33333333333334,0,d1,0,d1,0,d1,1,d3,1,d3,1,d3
16008,133.4,0,d1,0,d1,0,d1,1,d3,1,d3,1,d3
16016,133.46666666666667,0,d1,0,d1,0,d1,1,d3,1,d3,1,d3
16024,133.53333333333333,0,d1,0,d1,0,d1,1,d3,1,d3,1,d3
16032,133.6,0,d1,0,d1,0,d1,1,d3,1,d3,1,d3
16040,133.66666666666666,0,d1,0,d1,0,d1,1,d3,1,d3,1,d3
16048,133.73333333333332,0,d1,0,d1,0,d1,1,d3,1,d3,1,d3
16056,133.8,0,d1,0,d1,0,d1,1,d3,1,d3,1,d3
16064,133.86666666666667,0,d1,0,d1,0,d1,1,d3,1,d3,1,d3
16072,133.93333333333334,0,d1,0,d1,0,d1,1,d3,1,d3,1,d3
16080,134.0,0,d1,0,d1,0,d1,1,d3,1,d3,1,d3
16088,134.06666666666666,0,d1,0,d1,0,d1,1,d3,1,d3,1,d3
16096,134.13333333333333,0,d1,0,d1,0,d1,1,d3,1,d3,1,d3
16104,134.2,0,d1,0,d1,0,d1,1,d3,1,d3,1,d3
16112,134.26666666666668,0,d1,0,d1,0,d1,1,d3,1,d3,1,d3
16120,134.33333333333334,0,d1,0,d1,0,d1,1,d3,1,d3,1,d3
16128,134.4,0,d1,0,d1,0,d1,1,d3,1,d3,1,d3
16136,134.46666666666667,0,d1,0,d1,0,d1,1,d3,1,d3,1,d3
16144,134.53333333333333,0,d1,0,d1,0,d1,1,d3,1,d3,1,d3
16152,134.6,0,d1,0,d1,0,d1,1,d3,1,d3,1,d3
16160,134.66666666666666,0,d1,0,d1,0,d1,1,d3,1,d3,1,d3
16168,134.73333333333332,0,d1,0,d1,0,d1,1,d3,1,d3,1,d3
16176,134.8,0,d1,0,d1,0,d1,1,d3,1,d3,1,d3
16184,134.86666666666667,0,d1,0,d1,0,d1,1,d3,1,d3,1,d3
16192,134.93333333333334,0,d1,0,d1,0,d1,1,d3,1,d3,1,d3
16200,135.0,0,d1,0,d1,0,d1,1,d3,1,d3,1,d3
16208,135.06666666666666,0,d1,0,d1,0,d1,1,d3,1,d3,1,d3
16216,135.13333333333333,0,d1,0,d1,0,d1,1,d3,1,d3,1,d3
16224,135.2,0,d1,0,d1,0,d1,1,d3,1,d3,1,d3
16232,135.26666666666668,0,d1,0,d1,0,d1,1,d3,1,d3,1,d3
16240,135.33333333333334,0,d1,0,d1,0,d1,1,d3,1,d3,1,d3
16248,135.4,0,d1,0,d1,0,d1,1,d3,1,d3,1,d3
16256,135.46666666666667,0,d1,0,d1,0,d1,1,d3,1,d3,1,d3
16264,135.53333333333333,0,d1,0,d1,0,d1,1,d3,1,d3,1,d3
16272,135.6,0,d1,0,d1,0,d1,1,d3,1,d3,1,d3
16280,135.66666666666666,0,d1,0,d1,0,d1,1,d3,1,d3,1,d3
16288,135.73333333333332,0,d1,0,d1,0,d1,1,d3,1,d3,1,d3
16296,135.8,0,d1,0,d1,0,d1,1,d3,1,d3,1,d3
16304,135.86666666666667,0,d1,0,d1,0,d1,1,d3,1,d3,1,d3
16312,135.93333333333334,0,d1,0,d1,0,d1,1,d3,1,d3,1,d3
16320,136.0,0,d1,0,d1,0,d1,1,d3,1,d3,1,d3
16328,136.06666666666666,0,d1,0,d1,0,d1,1,d3,1,d3,1,d3
16336,136.13333333333333,0,d1,0,d1,0,d1,1,d3,1,d3,1,d3
16344,136.2,0,d1,0,d1,0,d1,1,d3,1,d3,1,d3
16352,136.26666666666668,0,d1,0,d1,0,d1,1,d3,1,d3,1,d3
16360,136.33333333333334,0,d1,0,d1,0,d1,1,d3,1,d3,1,d3
16368,136.4,0,d1,0,d1,0,d1,1,d3,1,d3,1,d3
16376,136.46666666666667,0,d1,0,d1,0,d1,1,d3,1,d3,1,d3
16384,136.53333333333333,0,d1,0,d1,0,d1,1,d3,1,d3,1,d3
16392,136.6,0,d1,0,d1,0,d1,1,d3,1,d3,1,d3
16400,136.66666666666666,0,d1,0,d1,0,d1,1,d3,1,d3,1,d3
16408,136.73333333333332,0,d1,0,d1,0,d1,1,d3,1,d3,1,d3
16416,136.8,0,d1,0,d1,0,d1,1,d3,1,d3,1,d3
16424,136.86666666666667,0,d1,0,d1,0,d1,1,d3,1,d3,1,d3
16432,136.93333333333334,0,d1,0,d1,0,d1,1,d3,1,d3,1,d3
16440,137.0,0,d1,0,d1,0,d1,1,d3,1,d3,1,d3
16448,137.06666666666666,0,d1,0,d1,0,d1,1,d3,1,d3,1,d3
16456,137.13333333333333,0,d1,0,d1,0,d1,1,d3,1,d3,1,d3
16464,137.2,0,d1,0,d1,0,d1,1,d3,1,d3,1,d3
16472,137.26666666666668,0,d1,0,d1,0,d1,1,d3,1,d3,1,d3
16480,137.33333333333334,0,d1,0,d1,0,d1,1,d3,1,d3,1,d3
16488,137.4,0,d1,0,d1,0,d1,1,d3,1,d3,1,d3
16496,137.46666666666667,0,d1,0,d1,0,d1,1,d3,1,d3,1,d3
16504,137.53333333333333,0,d1,0,d1,0,d1,1,d3,1,d3,1,d3
16512,137.6,0,d1,0,d1,0,d1,1,d3,1,d3,1,d3
16520,137.66666666666666,0,d1,0,d1,0,d1,1,d3,1,d3,1,d3
16528,137.73333333333332,0,d1,0,d1,0,d1,1,d3,1,d3,1,d3
16536,137.8,0,d1,0,d1,0,d1,1,d3,1,d3,1,d3
16544,137.86666666666667,0,d1,0,d1,0,d1,1,d3,1,d3,1,d3
16552,137.93333333333334,0,d1,0,d1,0,d1,1,d3,1,d3,1,d3
16560,138.0,0,d1,0,d1,0,d1,1,d3,1,d3,1,d3
16568,138.06666666666666,0,d1,0,d1,0,d1,1,d3,1,d3,1,d3
16576,138.13333333333333,0,d1,0,d1,0,d1,1,d3,1,d3,1,d3
16584,138.2,0,d1,0,d1,0,d1,1,d3,1,d3,1,d3
16592,138.26666666666668,0,d1,0,d1,0,d1,1,d3,1,d3,1,d3
16600,138.33333333333334,0,d1,0,d1,0,d1,1,d3,1,d3,1,d3
16608,138.4,0,d1,0,d1,0,d1,1,d3,1,d3,1,d3
16616,138.46666666666667,0,d1,0,d1,0,d1,1,d3,1,d3,1,d3
16624,138.53333333333333,0,d1,0,d1,0,d1,1,d3,1,d3,1,d3
16632,138.6,0,d1,0,d1,0,d1,1,d3,1,d3,1,d3
16640,138.66666666666666,0,d1,0,d1,0,d1,1,d3,1,d3,1,d3
16648,138.73333333333332,0,d1,0,d1,0,d1,1,d3,1,d3,1,d3
16656,138.8,0,d1,0,d1,0,d1,1,d3,1,d3,1,d3
16664,138.86666666666667,0,d1,0,d1,0,d1,1,d3,1,d3,1,d3
16672,138.93333333333334,0,d1,0,d1,0,d1,1,d3,1,d3,1,d3
16680,139.0,0,d1,0,d1,0,d1,1,d3,1,d3,1,d3
16688,139.06666666666666,0,d1,0,d1,0,d1,1,d3,1,d3,1,d3
16696,139.13333333333333,0,d1,0,d1,0,d1,1,d3,1,d3,1,d3
16704,139.2,0,d1,0,d1,0,d1,1,d3,1,d3,1,d3
16712,139.26666666666668,0,d1,0,d1,0,d1,1,d3,1,d3,1,d3
16720,139.33333333333334,0,d1,0,d1,0,d1,1,d3,1,d3,1,d3
16728,139.4,0,d1,0,d1,0,d1,1,d3,1,d3,1,d3
16736,139.46666666666667,0,d1,0,d1,0,d1,1,d3,1,d3,1,d3
16744,139.53333333333333,0,d1,0,d1,0,d1,1,d3,1,d3,1,d3
16752,139.6,0,d1,0,d1,0,d1,1,d3,1,d3,1,d3
16760,139.66666666666666,0,d1,0,d1,0,d1,1,d3,1,d3,1,d3
16768,139.73333333333332,0,d1,0,d1,0,d1,1,d3,1,d3,1,d3
16776,139.8,0,d1,0,d1,0,d1,1,d3,1,d3,1,d3
16784,139.86666666666667,0,d1,0,d1,0,d1,1,d3,1,d3,1,d3
16792,139.93333333333334,0,d1,0,d1,0,d1,1,d3,1,d3,1,d3
16800,140.0,0,d1,0,d1,0,d1,1,d3,1,d3,1,d3
16808,140.06666666666666,0,d1,0,d1,0,d1,1,d3,1,d3,1,d3
16816,140.13333333333333,0,d1,0,d1,0,d1,1,d3,1,d3,1,d3
16824,140.2,0,d1,0,d1,0,d1,1,d3,1,d3,1,d3
16832,140.26666666666668,0,d1,0,d1,0,d1,1,d3,1,d3,1,d3
16840,140.33333333333334,0,d1,0,d1,0,d1,1,d3,1,d3,1,d3
16848,140.4,0,d1,0,d1,0,d1,1,d3,1,d3,1,d3
16856,140.46666666666667,0,d1,0,d1,0,d1,1,d3,1,d3,1,d3
16864,140.53333333333333,0,d1,0,d1,0,d1,1,d3,1,d3,1,d3
16872,140.6,0,d1,0,d1,0,d1,1,d3,1,d3,1,d3
16880,140.66666666666666,0,d1,0,d1,0,d1,1,d3,1,d3,1,d3
16888,140.73333333333332,0,d1,0,d1,0,d1,1,d3,1,d3,1,d3
16896,140.8,0,d1,0,d1,0,d1,1,d3,1,d3,1,d3
16904,140.86666666666667,0,d1,0,d1,0,d1,1,d3,1,d3,1,d3
16912,140.93333333333334,0,d1,0,d1,0,d1,1,d3,1,d3,1,d3
16920,141.0,0,d1,0,d1,0,d1,1,d3,1,d3,1,d3
16928,141.06666666666666,0,d1,0,d1,0,d1,1,d3,1,d3,1,d3
16936,141.13333333333333,0,d1,0,d1,0,d1,1,d3,1,d3,1,d3
16944,141.2,0,d1,0,d1,0,d1,1,d3,1,d3,1,d3
16952,141.26666666666668,0,d1,0,d1,0,d1,1,d3,1,d3,1,d3
16960,141.33333333333334,0,d1,0,d1,0,d1,1,d3,1,d3,1,d3
16968,141.4,0,d1,0,d1,0,d1,1,d3,1,d3,1,d3
16976,141.46666666666667,0,d1,0,d1,0,d1,1,d3,1,d3,1,d3
16984,141.53333333333333,0,d1,0,d1,0,d1,1,d3,1,d3,1,d3
16992,141.6,0,d1,0,d1,0,d1,1,d3,1,d3,1,d3
17000,141.66666666666666,0,d1,0,d1,0,d1,1,d3,1,d3,1,d3
17008,141.73333333333332,0,d1,0,d1,0,d1,1,d3,1,d3,1,d3
17016,141.8,0,d1,0,d1,0,d1,1,d3,1,d3,1,d3
17024,141.86666666666667,0,d1,0,d1,0,d1,1,d3,1,d3,1,d3
17032,141.93333333333334,0,d1,0,d1,0,d1,1,d3,1,d3,1,d3
17040,142.0,0,d1,0,d1,0,d1,1,d3,1,d3,1,d3
17048,142.06666666666666,0,d1,0,d1,0,d1,1,d3,1,d3,1,d3
17056,142.13333333333333,0,d1,0,d1,0,d1,1,d3,1,d3,1,d3
17064,142.2,0,d1,0,d1,0,d1,1,d3,1,d3,1,d3
17072,142.26666666666668,0,d1,0,d1,0,d1,1,d3,1,d3,1,d3
17080,142.33333333333334,0,d1,0,d1,0,d1,1,d3,1,d3,1,d3
17088,142.4,0,d1,0,d1,0,d1,1,d3,1,d3,1,d3
17096,142.46666666666667,0,d1,0,d1,0,d1,1,d3,1,d3,1,d3
17104,142.53333333333333,0,d1,0,d1,0,d1,1,d3,1,d3,1,d3
17112,142.6,0,d1,0,d1,0,d1,1,d3,1,d3,1,d3
17120,142.66666666666666,0,d1,0,d1,0,d1,1,d3,1,d3,1,d3
17128,142.73333333333332,0,d1,0,d1,0,d1,1,d3,1,d3,1,d3
17136,142.8,0,d1,0,d1,0,d1,1,d3,1,d3,1,d3
17144,142.86666666666667,0,d1,0,d1,0,d1,1,d3,1,d3,1,d3
17152,142.93333333333334,0,d1,0,d1,0,d1,1,d3,1,d3,1,d3
17160,143.0,0,d1,0,d1,0,d1,1,d3,1,d3,1,d3
17168,143.06666666666666,0,d1,0,d1,0,d1,1,d3,1,d3,1,d3
17176,143.13333333333333,0,d1,0,d1,0,d1,1,d3,1,d3,1,d3
17184,143.2,0,d1,0,d1,0,d1,1,d3,1,d3,1,d3
17192,143.26666666666668,0,d1,0,d1,0,d1,1,d3,1,d3,1,d3
17200,143.33333333333334,0,d1,0,d1,0,d1,1,d3,1,d3,1,d3
17208,143.4,0,d1,0,d1,0,d1,1,d3,1,d3,1,d3
17216,143.46666666666667,0,d1,0,d1,0,d1,1,d3,1,d3,1,d3
17224,143.53333333333333,0,d1,0,d1,0,d1,1,d3,1,d3,1,d3
17232,143.6,0,d1,0,d1,0,d1,1,d3,1,d3,1,d3
17240,143.66666666666666,0,d1,0,d1,0,d1,1,d3,1,d3,1,d3
17248,143.73333333333332,0,d1,0,d1,0,d1,1,d3,1,d3,1,d3
17256,143.8,0,d1,0,d1,0,d1,1,d3,1,d3,1,d3
17264,143.86666666666667,0,d1,0,d1,0,d1,1,d3,1,d3,1,d3
17272,143.93333333333334,0,d1,0,d1,0,d1,1,d3,1,d3,1,d3
17280,144.0,0,d1,0,d1,0,d1,1,d3,1,d3,1,d3
17288,144.06666666666666,0,d1,0,d1,0,d1,1,d3,1,d3,1,d3
17296,144.13333333333333,0,d1,0,d1,0,d1,1,d3,1,d3,1,d3
17304,144.2,0,d1,0,d1,0,d1,1,d3,1,d3,1,d3
17312,144.26666666666668,0,d1,0,d1,0,d1,1,d3,1,d3,1,d3
17320,144.33333333333334,0,d1,0,d1,0,d1,1,d3,1,d3,1,d3
17328,144.4,0,d1,0,d1,0,d1,1,d3,1,d3,1,d3
17336,144.46666666666667,0,d1,0,d1,0,d1,1,d3,1,d3,1,d3
17344,144.53333333333333,0,d1,0,d1,0,d1,1,d3,1,d3,1,d3
17352,144.6,0,d1,0,d1,0,d1,1,d3,1,d3,1,d3
17360,144.66666666666666,0,d1,0,d1,0,d1,1,d3,1,d3,1,d3
17368,144.73333333333332,0,d1,0,d1,0,d1,1,d3,1,d3,1,d3
17376,144.8,0,d1,0,d1,0,d1,1,d3,1,d3,1,d3
17384,144.86666666666667,0,d1,0,d1,0,d1,1,d3,1,d3,1,d3
17392,144.93333333333334,0,d1,0,d1,0,d1,1,d3,1,d3,1,d3
17400,145.0,0,d1,0,d1,0,d1,1,d3,1,d3,1,d3
17408,145.06666666666666,0,d1,0,d1,0,d1,1,d3,1,d3,1,d3
17416,145.13333333333333,0,d1,0,d1,0,d1,1,d3,1,d3,1,d3
17424,145.2,0,d1,0,d1,0,d1,1,d3,1,d3,1,d3
17432,145.26666666666668,0,d1,0,d1,0,d1,1,d3,1,d3,1,d3
17440,145.33333333333334,0,d1,0,d1,0,d1,1,d3,1,d3,1,d3
17448,145.4,0,d1,0,d1,0,d1,1,d3,1,d3,1,d3
17456,145.46666666666667,0,d1,0,d1,0,d1,1,d3,1,d3,1,d3
17464,145.53333333333333,0,d1,0,d1,0,d1,1,d3,1,d3,1,d3
17472,145.6,0,d1,0,d1,0,d1,1,d3,1,d3,1,d3
17480,145.66666666666666,0,d1,0,d1,0,d1,1,d3,1,d3,1,d3
17488,145.73333333333332,0,d1,0,d1,0,d1,1,d3,1,d3,1,d3
17496,145.8,0,d1,0,d1,0,d1,1,d3,1,d3,1,d3
17504,145.86666666666667,0,d1,0,d1,0,d1,1,d3,1,d3,1,d3
17512,145.93333333333334,0,d1,0,d1,0,d1,1,d3,1,d3,1,d3
17520,146.0,0,d1,0,d1,0,d1,1,d3,1,d3,1,d3
17528,146.06666666666666,0,d1,0,d1,0,d1,1,d3,1,d3,1,d3
17536,146.13333333333333,0,d1,0,d1,0,d1,1,d3,1,d3,1,d3
17544,146.2,0,d1,0,d1,0,d1,1,d3,1,d3,1,d3
17552,146.26666666666668,0,d1,0,d1,0,d1,1,d3,1,d3,1,d3
17560,146.33333333333334,0,d1,0,d1,0,d1,1,d3,1,d3,1,d3
17568,146.4,0,d1,0,d1,0,d1,1,d3,1,d3,1,d3
17576,146.46666666666667,0,d1,0,d1,0,d1,1,d3,1,d3,1,d3
17584,146.53333333333333,0,d1,0,d1,0,d1,1,d3,1,d3,1,d3
17592,146.6,0,d1,0,d1,0,d1,1,d3,1,d3,1,d3
17600,146.66666666666666,0,d1,0,d1,0,d1,1,d3,1,d3,1,d3
17608,146.73333333333332,0,d1,0,d1,0,d1,1,d3,1,d3,1,d3
17616,146.8,0,d1,0,d1,0,d1,1,d3,1,d3,1,d3
17624,146.86666666666667,0,d1,0,d1,0,d1,1,d3,1,d3,1,d3
17632,146.93333333333334,0,d1,0,d1,0,d1,1,d3,1,d3,1,d3
17640,147.0,0,d1,0,d1,0,d1,1,d3,1,d3,1,d3
17648,147.06666666666666,0,d1,0,d1,0,d1,1,d3,1,d3,1,d3
17656,147.13333333333333,0,d1,0,d1,0,d1,1,d3,1,d3,1,d3
17664,147.2,0,d1,0,d1,0,d1,1,d3,1,d3,1,d3
17672,147.26666666666668,0,d1,0,d1,0,d1,1,d3,1,d3,1,d3
17680,147.33333333333334,0,d1,0,d1,0,d1,1,d3,1,d3,1,d3
17688,147.4,0,d1,0,d1,0,d1,1,d3,1,d3,1,d3
17696,147.46666666666667,0,d1,0,d1,0,d1,1,d3,1,d3,1,d3
17704,147.53333333333333,0,d1,0,d1,0,d1,1,d3,1,d3,1,d3
17712,147.6,0,d1,0,d1,0,d1,1,d3,1,d3,1,d3
17720,147.66666666666666,0,d1,0,d1,0,d1,1,d3,1,d3,1,d3
17728,147.73333333333332,0,d1,0,d1,0,d1,1,d3,1,d3,1,d3
17736,147.8,0,d1,0,d1,0,d1,1,d3,1,d3,1,d3
17744,147.86666666666667,0,d1,0,d1,0,d1,1,d3,1,d3,1,d3
17752,147.93333333333334,0,d1,0,d1,0,d1,1,d3,1,d3,1,d3
17760,148.0,0,d1,0,d1,0,d1,1,d3,1,d3,1,d3
17768,148.06666666666666,0,d1,0,d1,0,d1,1,d3,1,d3,1,d3
17776,148.13333333333333,0,d1,0,d1,0,d1,1,d3,1,d3,1,d3
17784,148.2,0,d1,0,d1,0,d1,1,d3,1,d3,1,d3
17792,148.26666666666668,0,d1,0,d1,0,d1,1,d3,1,d3,1,d3
17800,148.33333333333334,0,d1,0,d1,0,d1,1,d3,1,d3,1,d3
17808,148.4,0,d1,0,d1,0,d1,1,d3,1,d3,1,d3
17816,148.46666666666667,0,d1,0,d1,0,d1,1,d3,1,d3,1,d3
17824,148.53333333333333,0,d1,0,d1,0,d1,1,d3,1,d3,1,d3
17832,148.6,0,d1,0,d1,0,d1,1,d3,1,d3,1,d3
17840,148.66666666666666,0,d1,0,d1,0,d1,1,d3,1,d3,1,d3
17848,148.73333333333332,0,d1,0,d1,0,d1,1,d3,1,d3,1,d3
17856,148.8,0,d1,0,d1,0,d1,1,d3,1,d3,1,d3
17864,148.86666666666667,0,d1,0,d1,0,d1,1,d3,1,d3,1,d3
17872,148.93333333333334,0,d1,0,d1,0,d1,1,d3,1,d3,1,d3
17880,149.0,0,d1,0,d1,0,d1,1,d3,1,d3,1,d3
17888,149.06666666666666,0,d1,0,d1,0,d1,1,d3,1,d3,1,d3
17896,149.13333333333333,0,d1,0,d1,0,d1,1,d3,1,d3,1,d3
17904,149.2,0,d1,0,d1,0,d1,1,d3,1,d3,1,d3
17912,149.26666666666668,0,d1,0,d1,0,d1,1,d3,1,d3,1,d3
17920,149.33333333333334,0,d1,0,d1,0,d1,1,d3,1,d3,1,d3
17928,149.4,0,d1,0,d1,0,d1,1,d3,1,d3,1,d3
17936,149.46666666666667,0,d1,0,d1,0,d1,1,d3,1,d3,1,d3
17944,149.53333333333333,0,d1,0,d1,0,d1,1,d3,1,d3,1,d3
17952,149.6,0,d1,0,d1,0,d1,1,d3,1,d3,1,d3
17960,149.66666666666666,0,d1,0,d1,0,d1,1,d3,1,d3,1,d3
17968,149.73333333333332,0,d1,0,d1,0,d1,1,d3,1,d3,1,d3
17976,149.8,0,d1,0,d1,0,d1,1,d3,1,d3,1,d3
17984,149.86666666666667,0,d1,0,d1,0,d1,1,d3,1,d3,1,d3
17992,149.93333333333334,0,d1,0,d1,0,d1,1,d3,1,d3,1,d3
18000,150.0,0,d1,0,d1,0,d1,1,d3,1,d3,1,d3
18008,150.06666666666666,0,d1,0,d1,0,d1,1,d3,1,d3,1,d3
18016,150.13333333333333,0,d1,0,d1,0,d1,1,d3,1,d3,1,d3
18024,150.2,0,d1,0,d1,0,d1,1,d3,1,d3,1,d3
18032,150.26666666666668,0,d1,0,d1,0,d1,1,d3,1,d3,1,d3
18040,150.33333333333334,0,d1,0,d1,0,d1,1,d3,1,d3,1,d3
18048,150.4,0,d1,0,d1,0,d1,1,d3,1,d3,1,d3
18056,150.46666666666667,0,d1,0,d1,0,d1,1,d3,1,d3,1,d3
18064,150.53333333333333,0,d1,0,d1,0,d1,1,d3,1,d3,1,d3
18072,150.6,0,d1,0,d1,0,d1,1,d3,1,d3,1,d3
18080,150.66666666666666,0,d1,0,d1,0,d1,1,d3,1,d3,1,d3
18088,150.73333333333332,0,d1,0,d1,0,d1,1,d3,1,d3,1,d3
18096,150.8,0,d1,0,d1,0,d1,1,d3,1,d3,1,d3
18104,150.86666666666667,0,d1,0,d1,0,d1,1,d3,1,d3,1,d3
18112,150.93333333333334,0,d1,0,d1,0,d1,1,d3,1,d3,1,d3
18120,151.0,0,d1,0,d1,0,d1,1,d3,1,d3,1,d3
18128,151.06666666666666,0,d1,0,d1,0,d1,1,d3,1,d3,1,d3
18136,151.13333333333333,0,d1,0,d1,0,d1,1,d3,1,d3,1,d3
18144,151.2,0,d1,0,d1,0,d1,1,d3,1,d3,1,d3
18152,151.26666666666668,0,d1,0,d1,0,d1,1,d3,1,d3,1,d3
18160,151.33333333333334,0,d1,0,d1,0,d1,1,d3,1,d3,1,d3
18168,151.4,0,d1,0,d1,0,d1,1,d3,1,d3,1,d3
18176,151.46666666666667,0,d1,0,d1,0,d1,1,d3,1,d3,1,d3
18184,151.53333333333333,0,d1,0,d1,0,d1,1,d3,1,d3,1,d3
18192,151.6,0,d1,0,d1,0,d1,1,d3,1,d3,1,d3
18200,151.66666666666666,0,d1,0,d1,0,d1,1,d3,1,d3,1,d3
18208,151.73333333333332,0,d1,0,d1,0,d1,1,d3,1,d3,1,d3
18216,151.8,0,d1,0,d1,0,d1,1,d3,1,d3,1,d3
18224,151.86666666666667,0,d1,0,d1,0,d1,1,d3,1,d3,1,d3
18232,151.93333333333334,0,d1,0,d1,0,d1,1,d3,1,d3,1,d3
18240,152.0,0,d1,0,d1,0,d1,1,d3,1,d3,1,d3
18248,152.06666666666666,0,d1,0,d1,0,d1,1,d3,1,d3,1,d3
18256,152.13333333333333,0,d1,0,d1,0,d1,1,d3,1,d3,1,d3
18264,152.2,0,d1,0,d1,0,d1,1,d3,1,d3,1,d3
18272,152.26666666666668,0,d1,0,d1,0,d1,1,d3,1,d3,1,d3
18280,152.33333333333334,0,d1,0,d1,0,d1,1,d3,1,d3,1,d3
18288,152.4,0,d1,0,d1,0,d1,1,d3,1,d3,1,d3
18296,152.46666666666667,0,d1,0,d1,0,d1,1,d3,1,d3,1,d3
18304,152.53333333333333,0,d1,0,d1,0,d1,1,d3,1,d3,1,d3
18312,152.6,0,d1,0,d1,0,d1,1,d3,1,d3,1,d3
18320,152.66666666666666,0,d1,0,d1,0,d1,1,d3,1,d3,1,d3
18328,152.73333333333332,0,d1,0,d1,0,d1,1,d3,1,d3,1,d3
18336,152.8,0,d1,0,d1,0,d1,1,d3,1,d3,1,d3
18344,152.86666666666667,0,d1,0,d1,0,d1,1,d3,1,d3,1,d3
18352,152.93333333333334,0,d1,0,d1,0,d1,1,d3,1,d3,1,d3
18360,153.0,0,d1,0,d1,0,d1,1,d3,1,d3,1,d3
18368,153.06666666666666,0,d1,0,d1,0,d1,1,d3,1,d3,1,d3
18376,153.13333333333333,0,d1,0,d1,0,d1,1,d3,1,d3,1,d3
18384,153.2,0,d1,0,d1,0,d1,1,d3,1,d3,1,d3
18392,153.26666666666668,0,d1,0,d1,0,d1,1,d3,1,d3,1,d3
18400,153.33333333333334,0,d1,0,d1,0,d1,1,d3,1,d3,1,d3
18408,153.4,0,d1,0,d1,0,d1,1,d3,1,d3,1,d3
18416,153.46666666666667,0,d1,0,d1,0,d1,1,d3,1,d3,1,d3
18424,153.53333333333333,0,d1,0,d1,0,d1,1,d3,1,d3,1,d3
18432,153.6,0,d1,0,d1,0,d1,1,d3,1,d3,1,d3
18440,153.66666666666666,0,d1,0,d1,0,d1,1,d3,1,d3,1,d3
18448,153.73333333333332,0,d1,0,d1,0,d1,1,d3,1,d3,1,d3
18456,153.8,0,d1,0,d1,0,d1,1,d3,1,d3,1,d3
18464,153.86666666666667,0,d1,0,d1,0,d1,1,d3,1,d3,1,d3
18472,153.93333333333334,0,d1,0,d1,0,d1,1,d3,1,d3,1,d3
18480,154.0,0,d1,0,d1,0,d1,1,d3,1,d3,1,d3
18488,154.06666666666666,0,d1,0,d1,0,d1,1,d3,1,d3,1,d3
18496,154.13333333333333,0,d1,0,d1,0,d1,1,d3,1,d3,1,d3
18504,154.2,0,d1,0,d1,0,d1,1,d3,1,d3,1,d3
18512,154.26666666666668,0,d1,0,d1,0,d1,1,d3,1,d3,1,d3
18520,154.33333333333334,0,d1,0,d1,0,d1,1,d3,1,d3,1,d3
18528,154.4,0,d1,0,d1,0,d1,1,d3,1,d3,1,d3
18536,154.46666666666667,0,d1,0,d1,0,d1,1,d3,1,d3,1,d3
18544,154.53333333333333,0,d1,0,d1,0,d1,1,d3,1,d3,1,d3
18552,154.6,0,d1,0,d1,0,d1,1,d3,1,d3,1,d3
18560,154.66666666666666,0,d1,0,d1,0,d1,1,d3,1,d3,1,d3
18568,154.73333333333332,0,d1,0,d1,0,d1,1,d3,1,d3,1,d3
18576,154.8,0,d1,0,d1,0,d1,1,d3,1,d3,1,d3
18584,154.86666666666667,0,d1,0,d1,0,d1,1,d3,1,d3,1,d3
18592,154.93333333333334,0,d1,0,d1,0,d1,1,d3,1,d3,1,d3
18600,155.0,0,d1,0,d1,0,d1,1,d3,1,d3,1,d3
18608,155.06666666666666,0,d1,0,d1,0,d1,1,d3,1,d3,1,d3
18616,155.13333333333333,0,d1,0,d1,0,d1,1,d3,1,d3,1,d3
18624,155.2,0,d1,0,d1,0,d1,1,d3,1,d3,1,d3
18632,155.26666666666668,0,d1,0,d1,0,d1,1,d3,1,d3,1,d3
18640,155.33333333333334,0,d1,0,d1,0,d1,1,d3,1,d3,1,d3
18648,155.4,0,d1,0,d1,0,d1,1,d3,1,d3,1,d3
18656,155.46666666666667,0,d1,0,d1,0,d1,1,d3,1,d3,1,d3
18664,155.53333333333333,0,d1,0,d1,0,d1,1,d3,1,d3,1,d3
18672,155.6,0,d1,0,d1,0,d1,1,d3,1,d3,1,d3
18680,155.66666666666666,0,d1,0,d1,0,d1,1,d3,1,d3,1,d3
18688,155.73333333333332,0,d1,0,d1,0,d1,1,d3,1,d3,1,d3
18696,155.8,0,d1,0,d1,0,d1,1,d3,1,d3,1,d3
18704,155.86666666666667,0,d1,0,d1,0,d1,1,d3,1,d3,1,d3
18712,155.93333333333334,0,d1,0,d1,0,d1,1,d3,1,d3,1,d3
18720,156.0,0,d1,0,d1,0,d1,1,d3,1,d3,1,d3
18728,156.06666666666666,0,d1,0,d1,0,d1,1,d3,1,d3,1,d3
18736,156.13333333333333,0,d1,0,d1,0,d1,1,d3,1,d3,1,d3
18744,156.2,0,d1,0,d1,0,d1,1,d3,1,d3,1,d3
18752,156.26666666666668,0,d1,0,d1,0,d1,1,d3,1,d3,1,d3
18760,156.33333333333334,0,d1,0,d1,0,d1,1,d3,1,d3,1,d3
18768,156.4,0,d1,0,d1,0,d1,1,d3,1,d3,1,d3
18776,156.46666666666667,0,d1,0,d1,0,d1,1,d3,1,d3,1,d3
18784,156.53333333333333,0,d1,0,d1,0,d1,1,d3,1,d3,1,d3
18792,156.6,0,d1,0,d1,0,d1,1,d3,1,d3,1,d3
18800,156.66666666666666,0,d1,0,d1,0,d1,1,d3,1,d3,1,d3
18808,156.73333333333332,0,d1,0,d1,0,d1,1,d3,1,d3,1,d3
18816,156.8,0,d1,0,d1,0,d1,1,d3,1,d3,1,d3
18824,156.86666666666667,0,d1,0,d1,0,d1,1,d3,1,d3,1,d3
18832,156.93333333333334,0,d1,0,d1,0,d1,1,d3,1,d3,1,d3
18840,157.0,0,d1,0,d1,0,d1,1,d3,1,d3,1,d3
18848,157.06666666666666,0,d1,0,d1,0,d1,1,d3,1,d3,1,d3
18856,157.13333333333333,0,d1,0,d1,0,d1,1,d3,1,d3,1,d3
18864,157.2,0,d1,0,d1,0,d1,1,d3,1,d3,1,d3
18872,157.26666666666668,0,d1,0,d1,0,d1,1,d3,1,d3,1,d3
18880,157.33333333333334,0,d1,0,d1,0,d1,1,d3,1,d3,1,d3
18888,157.4,0,d1,0,d1,0,d1,1,d3,1,d3,1,d3
18896,157.46666666666667,0,d1,0,d1,0,d1,1,d3,1,d3,1,d3
18904,157.53333333333333,0,d1,0,d1,0,d1,1,d3,1,d3,1,d3
18912,157.6,0,d1,0,d1,0,d1,1,d3,1,d3,1,d3
18920,157.66666666666666,0,d1,0,d1,0,d1,1,d3,1,d3,1,d3
18928,157.73333333333332,0,d1,0,d1,0,d1,1,d3,1,d3,1,d3
18936,157.8,0,d1,0,d1,0,d1,1,d3,1,d3,1,d3
18944,157.86666666666667,0,d1,0,d1,0,d1,1,d3,1,d3,1,d3
18952,157.93333333333334,0,d1,0,d1,0,d1,1,d3,1,d3,1,d3
18960,158.0,0,d1,0,d1,0,d1,1,d3,1,d3,1,d3
18968,158.06666666666666,0,d1,0,d1,0,d1,1,d3,1,d3,1,d3
18976,158.13333333333333,0,d1,0,d1,0,d1,1,d3,1,d3,1,d3
18984,158.2,0,d1,0,d1,0,d1,1,d3,1,d3,1,d3
18992,158.26666666666668,0,d1,0,d1,0,d1,1,d3,1,d3,1,d3
19000,158.33333333333334,0,d1,0,d1,0,d1,1,d3,1,d3,1,d3
19008,158.4,0,d1,0,d1,0,d1,1,d3,1,d3,1,d3
19016,158.46666666666667,0,d1,0,d1,0,d1,1,d3,1,d3,1,d3
19024,158.53333333333333,0,d1,0,d1,0,d1,1,d3,1,d3,1,d3
19032,158.6,0,d1,0,d1,0,d1,1,d3,1,d3,1,d3
19040,158.66666666666666,0,d1,0,d1,0,d1,1,d3,1,d3,1,d3
19048,158.73333333333332,0,d1,0,d1,0,d1,1,d3,1,d3,1,d3
19056,158.8,0,d1,0,d1,0,d1,1,d3,1,d3,1,d3
19064,158.86666666666667,0,d1,0,d1,0,d1,1,d3,1,d3,1,d3
19072,158.93333333333334,0,d1,0,d1,0,d1,1,d3,1,d3,1,d3
19080,159.0,0,d1,0,d1,0,d1,1,d3,1,d3,1,d3
19088,159.06666666666666,0,d1,0,d1,0,d1,1,d3,1,d3,1,d3
19096,159.13333333333333,0,d1,0,d1,0,d1,1,d3,1,d3,1,d3
19104,159.2,0,d1,0,d1,0,d1,1,d3,1,d3,1,d3
19112,159.26666666666668,0,d1,0,d1,0,d1,1,d3,1,d3,1,d3
19120,159.33333333333334,0,d1,0,d1,0,d1,1,d3,1,d3,1,d3
19128,159.4,0,d1,0,d1,0,d1,1,d3,1,d3,1,d3
19136,159.46666666666667,0,d1,0,d1,0,d1,1,d3,1,d3,1,d3
19144,159.53333333333333,0,d1,0,d1,0,d1,1,d3,1,d3,1,d3
19152,159.6,0,d1,0,d1,0,d1,1,d3,1,d3,1,d3
19160,159.66666666666666,0,d1,0,d1,0,d1,1,d3,1,d3,1,d3
19168,159.73333333333332,0,d1,0,d1,0,d1,1,d3,1,d3,1,d3
19176,159.8,0,d1,0,d1,0,d1,1,d3,1,d3,1,d3
19184,159.86666666666667,0,d1,0,d1,0,d1,1,d3,1,d3,1,d3
19192,159.93333333333334,0,d1,0,d1,0,d1,1,d3,1,d3,1,d3
19200,160.0,0,d1,0,d1,0,d1,1,d3,1,d3,1,d3
19208,160.06666666666666,0,d1,0,d1,0,d1,1,d3,1,d3,1,d3
19216,160.13333333333333,0,d1,0,d1,0,d1,1,d3,1,d3,1,d3
19224,160.2,0,d1,0,d1,0,d1,1,d3,1,d3,1,d3
19232,160.26666666666668,0,d1,0,d1,0,d1,1,d3,1,d3,1,d3
19240,160.33333333333334,0,d1,0,d1,0,d1,1,d3,1,d3,1,d3
19248,160.4,0,d1,0,d1,0,d1,1,d3,1,d3,1,d3
19256,160.46666666666667,0,d1,0,d1,0,d1,1,d3,1,d3,1,d3
19264,160.53333333333333,0,d1,0,d1,0,d1,1,d3,1,d3,1,d3
19272,160.6,0,d1,0,d1,0,d1,1,d3,1,d3,1,d3
19280,160.66666666666666,0,d1,0,d1,0,d1,1,d3,1,d3,1,d3
19288,160.73333333333332,0,d1,0,d1,0,d1,1,d3,1,d3,1,d3
19296,160.8,0,d1,0,d1,0,d1,1,d3,1,d3,1,d3
19304,160.86666666666667,0,d1,0,d1,0,d1,1,d3,1,d3,1,d3
19312,160.93333333333334,0,d1,0,d1,0,d1,1,d3,1,d3,1,d3
19320,161.0,0,d1,0,d1,0,d1,1,d3,1,d3,1,d3
19328,161.06666666666666,0,d1,0,d1,0,d1,1,d3,1,d3,1,d3
19336,161.13333333333333,0,d1,0,d1,0,d1,1,d3,1,d3,1,d3
19344,161.2,0,d1,0,d1,0,d1,1,d3,1,d3,1,d3
19352,161.26666666666668,0,d1,0,d1,0,d1,1,d3,1,d3,1,d3
19360,161.33333333333334,0,d1,0,d1,0,d1,1,d3,1,d3,1,d3
19368,161.4,0,d1,0,d1,0,d1,1,d3,1,d3,1,d3
19376,161.46666666666667,0,d1,0,d1,0,d1,1,d3,1,d3,1,d3
19384,161.53333333333333,0,d1,0,d1,0,d1,1,d3,1,d3,1,d3
19392,161.6,0,d1,0,d1,0,d1,1,d3,1,d3,1,d3
19400,161.66666666666666,0,d1,0,d1,0,d1,1,d3,1,d3,1,d3
19408,161.73333333333332,0,d1,0,d1,0,d1,1,d3,1,d3,1,d3
19416,161.8,0,d1,0,d1,0,d1,1,d3,1,d3,1,d3
19424,161.86666666666667,0,d1,0,d1,0,d1,1,d3,1,d3,1,d3
19432,161.93333333333334,0,d1,0,d1,0,d1,1,d3,1,d3,1,d3
19440,162.0,0,d1,0,d1,0,d1,1,d3,1,d3,1,d3
19448,162.06666666666666,0,d1,0,d1,0,d1,1,d3,1,d3,1,d3
19456,162.13333333333333,0,d1,0,d1,0,d1,1,d3,1,d3,1,d3
19464,162.2,0,d1,0,d1,0,d1,1,d3,1,d3,1,d3
19472,162.26666666666668,0,d1,0,d1,0,d1,1,d3,1,d3,1,d3
19480,162.33333333333334,0,d1,0,d1,0,d1,1,d3,1,d3,1,d3
19488,162.4,0,d1,0,d1,0,d1,1,d3,1,d3,1,d3
19496,162.46666666666667,0,d1,0,d1,0,d1,1,d3,1,d3,1,d3
19504,162.53333333333333,0,d1,0,d1,0,d1,1,d3,1,d3,1,d3
19512,162.6,0,d1,0,d1,0,d1,1,d3,1,d3,1,d3
19520,162.66666666666666,0,d1,0,d1,0,d1,1,d3,1,d3,1,d3
19528,162.73333333333332,0,d1,0,d1,0,d1,1,d3,1,d3,1,d3
19536,162.8,0,d1,0,d1,0,d1,1,d3,1,d3,1,d3
19544,162.86666666666667,0,d1,0,d1,0,d1,1,d3,1,d3,1,d3
19552,162.93333333333334,0,d1,0,d1,0,d1,1,d3,1,d3,1,d3
19560,163.0,0,d1,0,d1,0,d1,1,d3,1,d3,1,d3
19568,163.06666666666666,0,d1,0,d1,0,d1,1,d3,1,d3,1,d3
19576,163.13333333333333,0,d1,0,d1,0,d1,1,d3,1,d3,1,d3
19584,163.2,0,d1,0,d1,0,d1,1,d3,1,d3,1,d3
19592,163.26666666666668,0,d1,0,d1,0,d1,1,d3,1,d3,1,d3
19600,163.33333333333334,0,d1,0,d1,0,d1,1,d3,1,d3,1,d3
19608,163.4,0,d1,0,d1,0,d1,1,d3,1,d3,1,d3
19616,163.46666666666667,0,d1,0,d1,0,d1,1,d3,1,d3,1,d3
19624,163.53333333333333,0,d1,0,d1,0,d1,1,d3,1,d3,1,d3
19632,163.6,0,d1,0,d1,0,d1,1,d3,1,d3,1,d3
19640,163.66666666666666,0,d1,0,d1,0,d1,1,d3,1,d3,1,d3
19648,163.73333333333332,0,d1,0,d1,0,d1,1,d3,1,d3,1,d3
19656,163.8,0,d1,0,d1,0,d1,1,d3,1,d3,1,d3
19664,163.86666666666667,0,d1,0,d1,0,d1,1,d3,1,d3,1,d3
19672,163.93333333333334,0,d1,0,d1,0,d1,1,d3,1,d3,1,d3
19680,164.0,0,d1,0,d1,0,d1,1,d3,1,d3,1,d3
19688,164.06666666666666,0,d1,0,d1,0,d1,1,d3,1,d3,1,d3
19696,164.13333333333333,0,d1,0,d1,0,d1,1,d3,1,d3,1,d3
19704,164.2,0,d1,0,d1,0,d1,1,d3,1,d3,1,d3
19712,164.26666666666668,0,d1,0,d1,0,d1,1,d3,1,d3,1,d3
19720,164.33333333333334,0,d1,0,d1,0,d1,1,d3,1,d3,1,d3
19728,164.4,0,d1,0,d1,0,d1,1,d3,1,d3,1,d3
19736,164.46666666666667,0,d1,0,d1,0,d1,1,d3,1,d3,1,d3
19744,164.53333333333333,0,d1,0,d1,0,d1,1,d3,1,d3,1,d3
19752,164.6,0,d1,0,d1,0,d1,1,d3,1,d3,1,d3
19760,164.66666666666666,0,d1,0,d1,0,d1,1,d3,1,d3,1,d3
19768,164.73333333333332,0,d1,0,d1,0,d1,1,d3,1,d3,1,d3
19776,164.8,0,d1,0,d1,0,d1,1,d3,1,d3,1,d3
19784,164.86666666666667,0,d1,0,d1,0,d1,1,d3,1,d3,1,d3
19792,164.93333333333334,0,d1,0,d1,0,d1,1,d3,1,d3,1,d3
19800,165.0,0,d1,0,d1,0,d1,1,d3,1,d3,1,d3
19808,165.06666666666666,0,d1,0,d1,0,d1,1,d3,1,d3,1,d3
19816,165.13333333333333,0,d1,0,d1,0,d1,1,d3,1,d3,1,d3
19824,165.2,0,d1,0,d1,0,d1,1,d3,1,d3,1,d3
19832,165.26666666666668,0,d1,0,d1,0,d1,1,d3,1,d3,1,d3
19840,165.33333333333334,0,d1,0,d1,0,d1,1,d3,1,d3,1,d3
19848,165.4,0,d1,0,d1,0,d1,1,d3,1,d3,1,d3
19856,165.46666666666667,0,d1,0,d1,0,d1,1,d3,1,d3,1,d3
19864,165.53333333333333,0,d1,0,d1,0,d1,1,d3,1,d3,1,d3
19872,165.6,0,d1,0,d1,0,d1,1,d3,1,d3,1,d3
19880,165.66666666666666,0,d1,0,d1,0,d1,1,d3,1,d3,1,d3
19888,165.73333333333332,0,d1,0,d1,0,d1,1,d3,1,d3,1,d3
19896,165.8,0,d1,0,d1,0,d1,1,d3,1,d3,1,d3
19904,165.86666666666667,0,d1,0,d1,0,d1,1,d3,1,d3,1,d3
19912,165.93333333333334,0,d1,0,d1,0,d1,1,d3,1,d3,1,d3
19920,166.0,0,d1,0,d1,0,d1,1,d3,1,d3,1,d3
19928,166.06666666666666,0,d1,0,d1,0,d1,1,d3,1,d3,1,d3
19936,166.13333333333333,0,d1,0,d1,0,d1,1,d3,1,d3,1,d3
19944,166.2,0,d1,0,d1,0,d1,1,d3,1,d3,1,d3
19952,166.26666666666668,0,d1,0,d1,0,d1,1,d3,1,d3,1,d3
19960,166.33333333333334,0,d1,0,d1,0,d1,1,d3,1,d3,1,d3
19968,166.4,0,d1,0,d1,0,d1,1,d3,1,d3,1,d3
19976,166.46666666666667,0,d1,0,d1,0,d1,1,d3,1,d3,1,d3
19984,166.53333333333333,0,d1,0,d1,0,d1,1,d3,1,d3,1,d3
19992,166.6,0,d1,0,d1,0,d1,1,d3,1,d3,1,d3
20000,166.66666666666666,0,d1,0,d1,0,d1,1,d3,1,d3,1,d3
20008,166.73333333333332,0,d1,0,d1,0,d1,1,d3,1,d3,1,d3
20016,166.8,0,d1,0,d1,0,d1,1,d3,1,d3,1,d3
20024,166.86666666666667,0,d1,0,d1,0,d1,1,d3,1,d3,1,d3
20032,166.93333333333334,0,d1,0,d1,0,d1,1,d3,1,d3,1,d3
20040,167.0,0,d1,0,d1,0,d1,1,d3,1,d3,1,d3
20048,167.06666666666666,0,d1,0,d1,0,d1,1,d3,1,d3,1,d3
20056,167.13333333333333,0,d1,0,d1,0,d1,1,d3,1,d3,1,d3
20064,167.2,0,d1,0,d1,0,d1,1,d3,1,d3,1,d3
20072,167.26666666666668,0,d1,0,d1,0,d1,1,d3,1,d3,1,d3
20080,167.33333333333334,0,d1,0,d1,0,d1,1,d3,1,d3,1,d3
20088,167.4,0,d1,0,d1,0,d1,1,d3,1,d3,1,d3
20096,167.46666666666667,0,d1,0,d1,0,d1,1,d3,1,d3,1,d3
20104,167.53333333333333,0,d1,0,d1,0,d1,1,d3,1,d3,1,d3
20112,167.6,0,d1,0,d1,0,d1,1,d3,1,d3,1,d3
20120,167.66666666666666,0,d1,0,d1,0,d1,1,d3,1,d3,1,d3
20128,167.73333333333332,0,d1,0,d1,0,d1,1,d3,1,d3,1,d3
20136,167.8,0,d1,0,d1,0,d1,1,d3,1,d3,1,d3
20144,167.86666666666667,0,d1,0,d1,0,d1,1,d3,1,d3,1,d3
20152,167.93333333333334,0,d1,0,d1,0,d1,1,d3,1,d3,1,d3
20160,168.0,0,d1,0,d1,0,d1,1,d3,1,d3,1,d3
20168,168.06666666666666,0,d1,0,d1,0,d1,1,d3,1,d3,1,d3
20176,168.13333333333333,0,d1,0,d1,0,d1,1,d3,1,d3,1,d3
20184,168.2,0,d1,0,d1,0,d1,1,d3,1,d3,1,d3
20192,168.26666666666668,0,d1,0,d1,0,d1,1,d3,1,d3,1,d3
20200,168.33333333333334,0,d1,0,d1,0,d1,1,d3,1,d3,1,d3
20208,168.4,0,d1,0,d1,0,d1,1,d3,1,d3,1,d3
20216,168.46666666666667,0,d1,0,d1,0,d1,1,d3,1,d3,1,d3
20224,168.53333333333333,0,d1,0,d1,0,d1,1,d3,1,d3,1,d3
20232,168.6,0,d1,0,d1,0,d1,1,d3,1,d3,1,d3
20240,168.66666666666666,0,d1,0,d1,0,d1,1,d3,1,d3,1,d3
20248,168.73333333333332,0,d1,0,d1,0,d1,1,d3,1,d3,1,d3
20256,168.8,0,d1,0,d1,0,d1,1,d3,1,d3,1,d3
20264,168.86666666666667,0,d1,0,d1,0,d1,1,d3,1,d3,1,d3
20272,168.93333333333334,0,d1,0,d1,0,d1,1,d3,1,d3,1,d3
20280,169.0,0,d1,0,d1,0,d1,1,d3,1,d3,1,d3
20288,169.06666666666666,0,d1,0,d1,0,d1,1,d3,1,d3,1,d3
20296,169.13333333333333,0,d1,0,d1,0,d1,1,d3,1,d3,1,d3
20304,169.2,0,d1,0,d1,0,d1,1,d3,1,d3,1,d3
20312,169.26666666666668,0,d1,0,d1,0,d1,1,d3,1,d3,1,d3
20320,169.33333333333334,0,d1,0,d1,0,d1,1,d3,1,d3,1,d3
20328,169.4,0,d1,0,d1,0,d1,1,d3,1,d3,1,d3
20336,169.46666666666667,0,d1,0,d1,0,d1,1,d3,1,d3,1,d3
20344,169.53333333333333,0,d1,0,d1,0,d1,1,d3,1,d3,1,d3
20352,169.6,0,d1,0,d1,0,d1,1,d3,1,d3,1,d3
20360,169.66666666666666,0,d1,0,d1,0,d1,1,d3,1,d3,1,d3
20368,169.73333333333332,0,d1,0,d1,0,d1,1,d3,1,d3,1,d3
20376,169.8,0,d1,0,d1,0,d1,1,d3,1,d3,1,d3
20384,169.86666666666667,0,d1,0,d1,0,d1,1,d3,1,d3,1,d3
20392,169.93333333333334,0,d1,0,d1,0,d1,1,d3,1,d3,1,d3
20400,170.0,0,d1,0,d1,0,d1,1,d3,1,d3,1,d3
20408,170.06666666666666,0,d1,0,d1,0,d1,1,d3,1,d3,1,d3
20416,170.13333333333333,0,d1,0,d1,0,d1,1,d3,1,d3,1,d3
20424,170.2,0,d1,0,d1,0,d1,1,d3,1,d3,1,d3
20432,170.26666666666668,0,d1,0,d1,0,d1,1,d3,1,d3,1,d3
20440,170.33333333333334,0,d1,0,d1,0,d1,1,d3,1,d3,1,d3
20448,170.4,0,d1,0,d1,0,d1,1,d3,1,d3,1,d3
20456,170.46666666666667,0,d1,0,d1,0,d1,1,d3,1,d3,1,d3
20464,170.53333333333333,0,d1,0,d1,0,d1,1,d3,1,d3,1,d3
20472,170.6,0,d1,0,d1,0,d1,1,d3,1,d3,1,d3
20480,170.66666666666666,0,d1,0,d1,0,d1,1,d3,1,d3,1,d3
20488,170.73333333333332,0,d1,0,d1,0,d1,1,d3,1,d3,1,d3
20496,170.8,0,d1,0,d1,0,d1,1,d3,1,d3,1,d3
20504,170.86666666666667,0,d1,0,d1,0,d1,1,d3,1,d3,1,d3
20512,170.93333333333334,0,d1,0,d1,0,d1,1,d3,1,d3,1,d3
20520,171.0,0,d1,0,d1,0,d1,1,d3,1,d3,1,d3
20528,171.06666666666666,0,d1,0,d1,0,d1,1,d3,1,d3,1,d3
20536,171.13333333333333,0,d1,0,d1,0,d1,1,d3,1,d3,1,d3
20544,171.2,0,d1,0,d1,0,d1,1,d3,1,d3,1,d3
20552,171.26666666666668,0,d1,0,d1,0,d1,1,d3,1,d3,1,d3
20560,171.33333333333334,0,d1,0,d1,0,d1,1,d3,1,d3,1,d3
20568,171.4,0,d1,0,d1,0,d1,1,d3,1,d3,1,d3
20576,171.46666666666667,0,d1,0,d1,0,d1,1,d3,1,d3,1,d3
20584,171.53333333333333,0,d1,0,d1,0,d1,1,d3,1,d3,1,d3
20592,171.6,0,d1,0,d1,0,d1,1,d3,1,d3,1,d3
20600,171.66666666666666,0,d1,0,d1,0,d1,1,d3,1,d3,1,d3
20608,171.73333333333332,0,d1,0,d1,0,d1,1,d3,1,d3,1,d3
20616,171.8,0,d1,0,d1,0,d1,1,d3,1,d3,1,d3
20624,171.86666666666667,0,d1,0,d1,0,d1,1,d3,1,d3,1,d3
20632,171.93333333333334,0,d1,0,d1,0,d1,1,d3,1,d3,1,d3
20640,172.0,0,d1,0,d1,0,d1,1,d3,1,d3,1,d3
20648,172.06666666666666,0,d1,0,d1,0,d1,1,d3,1,d3,1,d3
20656,172.13333333333333,0,d1,0,d1,0,d1,1,d3,1,d3,1,d3
20664,172.2,0,d1,0,d1,0,d1,1,d3,1,d3,1,d3
20672,172.26666666666668,0,d1,0,d1,0,d1,1,d3,1,d3,1,d3
20680,172.33333333333334,0,d1,0,d1,0,d1,1,d3,1,d3,1,d3
20688,172.4,0,d1,0,d1,0,d1,1,d3,1,d3,1,d3
20696,172.46666666666667,0,d1,0,d1,0,d1,1,d3,1,d3,1,d3
20704,172.53333333333333,0,d1,0,d1,0,d1,1,d3,1,d3,1,d3
20712,172.6,0,d1,0,d1,0,d1,1,d3,1,d3,1,d3
20720,172.66666666666666,0,d1,0,d1,0,d1,1,d3,1,d3,1,d3
20728,172.73333333333332,0,d1,0,d1,0,d1,1,d3,1,d3,1,d3
20736,172.8,0,d1,0,d1,0,d1,1,d3,1,d3,1,d3
20744,172.86666666666667,0,d1,0,d1,0,d1,1,d3,1,d3,1,d3
20752,172.93333333333334,0,d1,0,d1,0,d1,1,d3,1,d3,1,d3
20760,173.0,0,d1,0,d1,0,d1,1,d3,1,d3,1,d3
20768,173.06666666666666,0,d1,0,d1,0,d1,1,d3,1,d3,1,d3
20776,173.13333333333333,0,d1,0,d1,0,d1,1,d3,1,d3,1,d3
20784,173.2,0,d1,0,d1,0,d1,1,d3,1,d3,1,d3
20792,173.26666666666668,0,d1,0,d1,0,d1,1,d3,1,d3,1,d3
20800,173.33333333333334,0,d1,0,d1,0,d1,1,d3,1,d3,1,d3
20808,173.4,0,d1,0,d1,0,d1,1,d3,1,d3,1,d3
20816,173.46666666666667,0,d1,0,d1,0,d1,1,d3,1,d3,1,d3
20824,173.53333333333333,0,d1,0,d1,0,d1,1,d3,1,d3,1,d3
20832,173.6,0,d1,0,d1,0,d1,1,d3,1,d3,1,d3
20840,173.66666666666666,0,d1,0,d1,0,d1,1,d3,1,d3,1,d3
20848,173.73333333333332,0,d1,0,d1,0,d1,1,d3,1,d3,1,d3
20856,173.8,0,d1,0,d1,0,d1,1,d3,1,d3,1,d3
20864,173.86666666666667,0,d1,0,d1,0,d1,1,d3,1,d3,1,d3
20872,173.93333333333334,0,d1,0,d1,0,d1,1,d3,1,d3,1,d3
20880,174.0,0,d1,0,d1,0,d1,1,d3,1,d3,1,d3
20888,174.06666666666666,0,d1,0,d1,0,d1,1,d3,1,d3,1,d3
20896,174.13333333333333,0,d1,0,d1,0,d1,1,d3,1,d3,1,d3
20904,174.2,0,d1,0,d1,0,d1,1,d3,1,d3,1,d3
20912,174.26666666666668,0,d1,0,d1,0,d1,1,d3,1,d3,1,d3
20920,174.33333333333334,0,d1,0,d1,0,d1,1,d3,1,d3,1,d3
20928,174.4,0,d1,0,d1,0,d1,1,d3,1,d3,1,d3
20936,174.46666666666667,0,d1,0,d1,0,d1,1,d3,1,d3,1,d3
20944,174.53333333333333,0,d1,0,d1,0,d1,1,d3,1,d3,1,d3
20952,174.6,0,d1,0,d1,0,d1,1,d3,1,d3,1,d3
20960,174.66666666666666,0,d1,0,d1,0,d1,1,d3,1,d3,1,d3
20968,174.73333333333332,0,d1,0,d1,0,d1,1,d3,1,d3,1,d3
20976,174.8,0,d1,0,d1,0,d1,1,d3,1,d3,1,d3
20984,174.86666666666667,0,d1,0,d1,0,d1,1,d3,1,d3,1,d3
20992,174.93333333333334,0,d1,0,d1,0,d1,1,d3,1,d3,1,d3
21000,175.0,0,d1,0,d1,0,d1,1,d3,1,d3,1,d3
21008,175.06666666666666,0,d1,0,d1,0,d1,1,d3,1,d3,1,d3
21016,175.13333333333333,0,d1,0,d1,0,d1,1,d3,1,d3,1,d3
21024,175.2,0,d1,0,d1,0,d1,1,d3,1,d3,1,d3
21032,175.26666666666668,0,d1,0,d1,0,d1,1,d3,1,d3,1,d3
21040,175.33333333333334,0,d1,0,d1,0,d1,1,d3,1,d3,1,d3
21048,175.4,0,d1,0,d1,0,d1,1,d3,1,d3,1,d3
21056,175.46666666666667,0,d1,0,d1,0,d1,1,d3,1,d3,1,d3
21064,175.53333333333333,0,d1,0,d1,0,d1,1,d3,1,d3,1,d3
21072,175.6,0,d1,0,d1,0,d1,1,d3,1,d3,1,d3
21080,175.66666666666666,0,d1,0,d1,0,d1,1,d3,1,d3,1,d3
21088,175.73333333333332,0,d1,0,d1,0,d1,1,d3,1,d3,1,d3
21096,175.8,0,d1,0,d1,0,d1,1,d3,1,d3,1,d3
21104,175.86666666666667,0,d1,0,d1,0,d1,1,d3,1,d3,1,d3
21112,175.93333333333334,0,d1,0,d1,0,d1,1,d3,1,d3,1,d3
21120,176.0,0,d1,0,d1,0,d1,1,d3,1,d3,1,d3
21128,176.06666666666666,0,d1,0,d1,0,d1,1,d3,1,d3,1,d3
21136,176.13333333333333,0,d1,0,d1,0,d1,1,d3,1,d3,1,d3
21144,176.2,0,d1,0,d1,0,d1,1,d3,1,d3,1,d3
21152,176.26666666666668,0,d1,0,d1,0,d1,1,d3,1,d3,1,d3
21160,176.33333333333334,0,d1,0,d1,0,d1,1,d3,1,d3,1,d3
21168,176.4,0,d1,0,d1,0,d1,1,d3,1,d3,1,d3
21176,176.46666666666667,0,d1,0,d1,0,d1,1,d3,1,d3,1,d3
21184,176.53333333333333,0,d1,0,d1,0,d1,1,d3,1,d3,1,d3
21192,176.6,0,d1,0,d1,0,d1,1,d3,1,d3,1,d3
21200,176.66666666666666,0,d1,0,d1,0,d1,1,d3,1,d3,1,d3
21208,176.73333333333332,0,d1,0,d1,0,d1,1,d3,1,d3,1,d3
21216,176.8,0,d1,0,d1,0,d1,1,d3,1,d3,1,d3
21224,176.86666666666667,0,d1,0,d1,0,d1,1,d3,1,d3,1,d3
21232,176.93333333333334,0,d1,0,d1,0,d1,1,d3,1,d3,1,d3
21240,177.0,0,d1,0,d1,0,d1,1,d3,1,d3,1,d3
21248,177.06666666666666,0,d1,0,d1,0,d1,1,d3,1,d3,1,d3
21256,177.13333333333333,0,d1,0,d1,0,d1,1,d3,1,d3,1,d3
21264,177.2,0,d1,0,d1,0,d1,1,d3,1,d3,1,d3
21272,177.26666666666668,0,d1,0,d1,0,d1,1,d3,1,d3,1,d3
21280,177.33333333333334,0,d1,0,d1,0,d1,1,d3,1,d3,1,d3
21288,177.4,0,d1,0,d1,0,d1,1,d3,1,d3,1,d3
21296,177.46666666666667,0,d1,0,d1,0,d1,1,d3,1,d3,1,d3
21304,177.53333333333333,0,d1,0,d1,0,d1,1,d3,1,d3,1,d3
21312,177.6,0,d1,0,d1,0,d1,1,d3,1,d3,1,d3
21320,177.66666666666666,0,d1,0,d1,0,d1,1,d3,1,d3,1,d3
21328,177.73333333333332,0,d1,0,d1,0,d1,1,d3,1,d3,1,d3
21336,177.8,0,d1,0,d1,0,d1,1,d3,1,d3,1,d3
21344,177.86666666666667,0,d1,0,d1,0,d1,1,d3,1,d3,1,d3
21352,177.93333333333334,0,d1,0,d1,0,d1,1,d3,1,d3,1,d3
21360,178.0,0,d1,0,d1,0,d1,1,d3,1,d3,1,d3
21368,178.06666666666666,0,d1,0,d1,0,d1,1,d3,1,d3,1,d3
21376,178.13333333333333,0,d1,0,d1,0,d1,1,d3,1,d3,1,d3
21384,178.2,0,d1,0,d1,0,d1,1,d3,1,d3,1,d3
21392,178.26666666666668,0,d1,0,d1,0,d1,1,d3,1,d3,1,d3
21400,178.33333333333334,0,d1,0,d1,0,d1,1,d3,1,d3,1,d3
21408,178.4,0,d1,0,d1,0,d1,1,d3,1,d3,1,d3
21416,178.46666666666667,0,d1,0,d1,0,d1,1,d3,1,d3,1,d3
21424,178.53333333333333,0,d1,0,d1,0,d1,1,d3,1,d3,1,d3
21432,178.6,0,d1,0,d1,0,d1,1,d3,1,d3,1,d3
21440,178.66666666666666,0,d1,0,d1,0,d1,1,d3,1,d3,1,d3
21448,178.73333333333332,0,d1,0,d1,0,d1,1,d3,1,d3,1,d3
21456,178.8,0,d1,0,d1,0,d1,1,d3,1,d3,1,d3
21464,178.86666666666667,0,d1,0,d1,0,d1,1,d3,1,d3,1,d3
21472,178.93333333333334,0,d1,0,d1,0,d1,1,d3,1,d3,1,d3
21480,179.0,0,d1,0,d1,0,d1,1,d3,1,d3,1,d3
21488,179.06666666666666,0,d1,0,d1,0,d1,1,d3,1,d3,1,d3
21496,179.13333333333333,0,d1,0,d1,0,d1,1,d3,1,d3,1,d3
21504,179.2,0,d1,0,d1,0,d1,1,d3,1,d3,1,d3
21512,179.26666666666668,0,d1,0,d1,0,d1,1,d3,1,d3,1,d3
21520,179.33333333333334,0,d1,0,d1,0,d1,1,d3,1,d3,1,d3
21528,179.4,0,d1,0,d1,0,d1,1,d3,1,d3,1,d3
21536,179.46666666666667,0,d1,0,d1,0,d1,1,d3,1,d3,1,d3
21544,179.53333333333333,0,d1,0,d1,0,d1,1,d3,1,d3,1,d3
21552,179.6,0,d1,0,d1,0,d1,1,d3,1,d3,1,d3
21560,179.66666666666666,0,d1,0,d1,0,d1,1,d3,1,d3,1,d3
21568,179.73333333333332,0,d1,0,d1,0,d1,1,d3,1,d3,1,d3
21576,179.8,0,d1,0,d1,0,d1,1,d3,1,d3,1,d3
21584,179.86666666666667,0,d1,0,d1,0,d1,1,d3,1,d3,1,d3
21592,179.93333333333334,0,d1,0,d1,0,d1,1,d3,1,d3,1,d3
21600,180.0,0,d1,0,d1,0,d1,1,d3,1,d3,1,d3
21608,180.06666666666666,0,d1,0,d1,0,d1,1,d3,1,d3,1,d3
21616,180.13333333333333,0,d1,0,d1,0,d1,1,d3,1,d3,1,d3
21624,180.2,0,d1,0,d1,0,d1,1,d3,1,d3,1,d3
21632,180.26666666666668,0,d1,0,d1,0,d1,1,d3,1,d3,1,d3
21640,180.33333333333334,0,d1,0,d1,0,d1,1,d3,1,d3,1,d3
21648,180.4,0,d1,0,d1,0,d1,1,d3,1,d3,1,d3
21656,180.46666666666667,0,d1,0,d1,0,d1,1,d3,1,d3,1,d3
21664,180.53333333333333,0,d1,0,d1,0,d1,1,d3,1,d3,1,d3
21672,180.6,0,d1,0,d1,0,d1,1,d3,1,d3,1,d3
21680,180.66666666666666,0,d1,0,d1,0,d1,1,d3,1,d3,1,d3
21688,180.73333333333332,0,d1,0,d1,0,d1,1,d3,1,d3,1,d3
21696,180.8,0,d1,0,d1,0,d1,1,d3,1,d3,1,d3
21704,180.86666666666667,0,d1,0,d1,0,d1,1,d3,1,d3,1,d3
21712,180.93333333333334,0,d1,0,d1,0,d1,1,d3,1,d3,1,d3
21720,181.0,0,d1,0,d1,0,d1,1,d3,1,d3,1,d3
21728,181.06666666666666,0,d1,0,d1,0,d1,1,d3,1,d3,1,d3
21736,181.13333333333333,0,d1,0,d1,0,d1,1,d3,1,d3,1,d3
21744,181.2,0,d1,0,d1,0,d1,1,d3,1,d3,1,d3
21752,181.26666666666668,0,d1,0,d1,0,d1,1,d3,1,d3,1,d3
21760,181.33333333333334,0,d1,0,d1,0,d1,1,d3,1,d3,1,d3
21768,181.4,0,d1,0,d1,0,d1,1,d3,1,d3,1,d3
21776,181.46666666666667,0,d1,0,d1,0,d1,1,d3,1,d3,1,d3
21784,181.53333333333333,0,d1,0,d1,0,d1,1,d3,1,d3,1,d3
21792,181.6,0,d1,0,d1,0,d1,1,d3,1,d3,1,d3
21800,181.66666666666666,0,d1,0,d1,0,d1,1,d3,1,d3,1,d3
21808,181.73333333333332,0,d1,0,d1,0,d1,1,d3,1,d3,1,d3
21816,181.8,0,d1,0,d1,0,d1,1,d3,1,d3,1,d3
21824,181.86666666666667,0,d1,0,d1,0,d1,1,d3,1,d3,1,d3
21832,181.93333333333334,0,d1,0,d1,0,d1,1,d3,1,d3,1,d3
21840,182.0,0,d1,0,d1,0,d1,1,d3,1,d3,1,d3
21848,182.06666666666666,0,d1,0,d1,0,d1,1,d3,1,d3,1,d3
21856,182.13333333333333,0,d1,0,d1,0,d1,1,d3,1,d3,1,d3
21864,182.2,0,d1,0,d1,0,d1,1,d3,1,d3,1,d3
21872,182.26666666666668,0,d1,0,d1,0,d1,1,d3,1,d3,1,d3
21880,182.33333333333334,0,d1,0,d1,0,d1,1,d3,1,d3,1,d3
21888,182.4,0,d1,0,d1,0,d1,1,d3,1,d3,1,d3
21896,182.46666666666667,0,d1,0,d1,0,d1,1,d3,1,d3,1,d3
21904,182.53333333333333,0,d1,0,d1,0,d1,1,d3,1,d3,1,d3
21912,182.6,0,d1,0,d1,0,d1,1,d3,1,d3,1,d3
21920,182.66666666666666,0,d1,0,d1,0,d1,1,d3,1,d3,1,d3
21928,182.73333333333332,0,d1,0,d1,0,d1,1,d3,1,d3,1,d3
21936,182.8,0,d1,0,d1,0,d1,1,d3,1,d3,1,d3
21944,182.86666666666667,0,d1,0,d1,0,d1,1,d3,1,d3,1,d3
21952,182.93333333333334,0,d1,0,d1,0,d1,1,d3,1,d3,1,d3
21960,183.0,0,d1,0,d1,0,d1,1,d3,1,d3,1,d3
21968,183.06666666666666,0,d1,0,d1,0,d1,1,d3,1,d3,1,d3
21976,183.13333333333333,0,d1,0,d1,0,d1,1,d3,1,d3,1,d3
21984,183.2,0,d1,0,d1,0,d1,1,d3,1,d3,1,d3
21992,183.26666666666668,0,d1,0,d1,0,d1,1,d3,1,d3,1,d3
22000,183.33333333333334,0,d1,0,d1,0,d1,1,d3,1,d3,1,d3
22008,183.4,0,d1,0,d1,0,d1,1,d3,1,d3,1,d3
22016,183.46666666666667,0,d1,0,d1,0,d1,1,d3,1,d3,1,d3
22024,183.53333333333333,0,d1,0,d1,0,d1,1,d3,1,d3,1,d3
22032,183.6,0,d1,0,d1,0,d1,1,d3,1,d3,1,d3
22040,183.66666666666666,0,d1,0,d1,0,d1,1,d3,1,d3,1,d3
22048,183.73333333333332,0,d1,0,d1,0,d1,1,d3,1,d3,1,d3
22056,183.8,0,d1,0,d1,0,d1,1,d3,1,d3,1,d3
22064,183.86666666666667,0,d1,0,d1,0,d1,1,d3,1,d3,1,d3
22072,183.93333333333334,0,d1,0,d1,0,d1,1,d3,1,d3,1,d3
22080,184.0,0,d1,0,d1,0,d1,1,d3,1,d3,1,d3
22088,184.06666666666666,0,d1,0,d1,0,d1,1,d3,1,d3,1,d3
22096,184.13333333333333,0,d1,0,d1,0,d1,1,d3,1,d3,1,d3
22104,184.2,0,d1,0,d1,0,d1,1,d3,1,d3,1,d3
22112,184.26666666666668,0,d1,0,d1,0,d1,1,d3,1,d3,1,d3
22120,184.33333333333334,0,d1,0,d1,0,d1,1,d3,1,d3,1,d3
22128,184.4,0,d1,0,d1,0,d1,1,d3,1,d3,1,d3
22136,184.46666666666667,0,d1,0,d1,0,d1,1,d3,1,d3,1,d3
22144,184.53333333333333,0,d1,0,d1,0,d1,1,d3,1,d3,1,d3
22152,184.6,0,d1,0,d1,0,d1,1,d3,1,d3,1,d3
22160,184.66666666666666,0,d1,0,d1,0,d1,1,d3,1,d3,1,d3
22168,184.73333333333332,0,d1,0,d1,0,d1,1,d3,1,d3,1,d3
22176,184.8,0,d1,0,d1,0,d1,1,d3,1,d3,1,d3
22184,184.86666666666667,0,d1,0,d1,0,d1,1,d3,1,d3,1,d3
22192,184.93333333333334,0,d1,0,d1,0,d1,1,d3,1,d3,1,d3
22200,185.0,0,d1,0,d1,0,d1,1,d3,1,d3,1,d3
22208,185.06666666666666,0,d1,0,d1,0,d1,1,d3,1,d3,1,d3
22216,185.13333333333333,0,d1,0,d1,0,d1,1,d3,1,d3,1,d3
22224,185.2,0,d1,0,d1,0,d1,1,d3,1,d3,1,d3
22232,185.26666666666668,0,d1,0,d1,0,d1,1,d3,1,d3,1,d3
22240,185.33333333333334,0,d1,0,d1,0,d1,1,d3,1,d3,1,d3
22248,185.4,0,d1,0,d1,0,d1,1,d3,1,d3,1,d3
22256,185.46666666666667,0,d1,0,d1,0,d1,1,d3,1,d3,1,d3
22264,185.53333333333333,0,d1,0,d1,0,d1,1,d3,1,d3,1,d3
22272,185.6,0,d1,0,d1,0,d1,1,d3,1,d3,1,d3
22280,185.66666666666666,0,d1,0,d1,0,d1,1,d3,1,d3,1,d3
22288,185.73333333333332,0,d1,0,d1,0,d1,1,d3,1,d3,1,d3
22296,185.8,0,d1,0,d1,0,d1,1,d3,1,d3,1,d3
22304,185.86666666666667,0,d1,0,d1,0,d1,1,d3,1,d3,1,d3
22312,185.93333333333334,0,d1,0,d1,0,d1,1,d3,1,d3,1,d3
22320,186.0,0,d1,0,d1,0,d1,1,d3,1,d3,1,d3
22328,186.06666666666666,0,d1,0,d1,0,d1,1,d3,1,d3,1,d3
22336,186.13333333333333,0,d1,0,d1,0,d1,1,d3,1,d3,1,d3
22344,186.2,0,d1,0,d1,0,d1,1,d3,1,d3,1,d3
22352,186.26666666666668,0,d1,0,d1,0,d1,1,d3,1,d3,1,d3
22360,186.33333333333334,0,d1,0,d1,0,d1,1,d3,1,d3,1,d3
22368,186.4,0,d1,0,d1,0,d1,1,d3,1,d3,1,d3
22376,186.46666666666667,0,d1,0,d1,0,d1,1,d3,1,d3,1,d3
22384,186.53333333333333,0,d1,0,d1,0,d1,1,d3,1,d3,1,d3
22392,186.6,0,d1,0,d1,0,d1,1,d3,1,d3,1,d3
22400,186.66666666666666,0,d1,0,d1,0,d1,1,d3,1,d3,1,d3
22408,186.73333333333332,0,d1,0,d1,0,d1,1,d3,1,d3,1,d3
22416,186.8,0,d1,0,d1,0,d1,1,d3,1,d3,1,d3
22424,186.86666666666667,0,d1,0,d1,0,d1,1,d3,1,d3,1,d3
22432,186.93333333333334,0,d1,0,d1,0,d1,1,d3,1,d3,1,d3
22440,187.0,0,d1,0,d1,0,d1,1,d3,1,d3,1,d3
22448,187.06666666666666,0,d1,0,d1,0,d1,1,d3,1,d3,1,d3
22456,187.13333333333333,0,d1,0,d1,0,d1,1,d3,1,d3,1,d3
22464,187.2,0,d1,0,d1,0,d1,1,d3,1,d3,1,d3
22472,187.26666666666668,0,d1,0,d1,0,d1,1,d3,1,d3,1,d3
22480,187.33333333333334,0,d1,0,d1,0,d1,1,d3,1,d3,1,d3
22488,187.4,0,d1,0,d1,0,d1,1,d3,1,d3,1,d3
22496,187.46666666666667,0,d1,0,d1,0,d1,1,d3,1,d3,1,d3
22504,187.53333333333333,0,d1,0,d1,0,d1,1,d3,1,d3,1,d3
22512,187.6,0,d1,0,d1,0,d1,1,d3,1,d3,1,d3
22520,187.66666666666666,0,d1,0,d1,0,d1,1,d3,1,d3,1,d3
22528,187.73333333333332,0,d1,0,d1,0,d1,1,d3,1,d3,1,d3
22536,187.8,0,d1,0,d1,0,d1,1,d3,1,d3,1,d3
22544,187.86666666666667,0,d1,0,d1,0,d1,1,d3,1,d3,1,d3
22552,187.93333333333334,0,d1,0,d1,0,d1,1,d3,1,d3,1,d3
22560,188.0,0,d1,0,d1,0,d1,1,d3,1,d3,1,d3
22568,188.06666666666666,0,d1,0,d1,0,d1,1,d3,1,d3,1,d3
22576,188.13333333333333,0,d1,0,d1,0,d1,1,d3,1,d3,1,d3
22584,188.2,0,d1,0,d1,0,d1,1,d3,1,d3,1,d3
22592,188.26666666666668,0,d1,0,d1,0,d1,1,d3,1,d3,1,d3
22600,188.33333333333334,0,d1,0,d1,0,d1,1,d3,1,d3,1,d3
22608,188.4,0,d1,0,d1,0,d1,1,d3,1,d3,1,d3
22616,188.46666666666667,0,d1,0,d1,0,d1,1,d3,1,d3,1,d3
22624,188.53333333333333,0,d1,0,d1,0,d1,1,d3,1,d3,1,d3
22632,188.6,0,d1,0,d1,0,d1,1,d3,1,d3,1,d3
22640,188.66666666666666,0,d1,0,d1,0,d1,1,d3,1,d3,1,d3
22648,188.73333333333332,0,d1,0,d1,0,d1,1,d3,1,d3,1,d3
22656,188.8,0,d1,0,d1,0,d1,1,d3,1,d3,1,d3
22664,188.86666666666667,0,d1,0,d1,0,d1,1,d3,1,d3,1,d3
22672,188.93333333333334,0,d1,0,d1,0,d1,1,d3,1,d3,1,d3
22680,189.0,0,d1,0,d1,0,d1,1,d3,1,d3,1,d3
22688,189.06666666666666,0,d1,0,d1,0,d1,1,d3,1,d3,1,d3
22696,189.13333333333333,0,d1,0,d1,0,d1,1,d3,1,d3,1,d3
22704,189.2,0,d1,0,d1,0,d1,1,d3,1,d3,1,d3
22712,189.26666666666668,0,d1,0,d1,0,d1,1,d3,1,d3,1,d3
22720,189.33333333333334,0,d1,0,d1,0,d1,1,d3,1,d3,1,d3
22728,189.4,0,d1,0,d1,0,d1,1,d3,1,d3,1,d3
22736,189.46666666666667,0,d1,0,d1,0,d1,1,d3,1,d3,1,d3
22744,189.53333333333333,0,d1,0,d1,0,d1,1,d3,1,d3,1,d3
22752,189.6,0,d1,0,d1,0,d1,1,d3,1,d3,1,d3
22760,189.66666666666666,0,d1,0,d1,0,d1,1,d3,1,d3,1,d3
22768,189.73333333333332,0,d1,0,d1,0,d1,1,d3,1,d3,1,d3
22776,189.8,0,d1,0,d1,0,d1,1,d3,1,d3,1,d3
22784,189.86666666666667,0,d1,0,d1,0,d1,1,d3,1,d3,1,d3
22792,189.93333333333334,0,d1,0,d1,0,d1,1,d3,1,d3,1,d3
22800,190.0,0,d1,0,d1,0,d1,1,d3,1,d3,1,d3
22808,190.06666666666666,0,d1,0,d1,0,d1,1,d3,1,d3,1,d3
22816,190.13333333333333,0,d1,0,d1,0,d1,1,d3,1,d3,1,d3
22824,190.2,0,d1,0,d1,0,d1,1,d3,1,d3,1,d3
22832,190.26666666666668,0,d1,0,d1,0,d1,1,d3,1,d3,1,d3
22840,190.33333333333334,0,d1,0,d1,0,d1,1,d3,1,d3,1,d3
22848,190.4,0,d1,0,d1,0,d1,1,d3,1,d3,1,d3
22856,190.46666666666667,0,d1,0,d1,0,d1,1,d3,1,d3,1,d3
22864,190.53333333333333,0,d1,0,d1,0,d1,1,d3,1,d3,1,d3
22872,190.6,0,d1,0,d1,0,d1,1,d3,1,d3,1,d3
22880,190.66666666666666,0,d1,0,d1,0,d1,1,d3,1,d3,1,d3
22888,190.73333333333332,0,d1,0,d1,0,d1,1,d3,1,d3,1,d3
22896,190.8,0,d1,0,d1,0,d1,1,d3,1,d3,1,d3
22904,190.86666666666667,0,d1,0,d1,0,d1,1,d3,1,d3,1,d3
22912,190.93333333333334,0,d1,0,d1,0,d1,1,d3,1,d3,1,d3
22920,191.0,0,d1,0,d1,0,d1,1,d3,1,d3,1,d3
22928,191.06666666666666,0,d1,0,d1,0,d1,1,d3,1,d3,1,d3
22936,191.13333333333333,0,d1,0,d1,0,d1,1,d3,1,d3,1,d3
22944,191.2,0,d1,0,d1,0,d1,1,d3,1,d3,1,d3
22952,191.26666666666668,0,d1,0,d1,0,d1,1,d3,1,d3,1,d3
22960,191.33333333333334,0,d1,0,d1,0,d1,1,d3,1,d3,1,d3
22968,191.4,0,d1,0,d1,0,d1,1,d3,1,d3,1,d3
22976,191.46666666666667,0,d1,0,d1,0,d1,1,d3,1,d3,1,d3
22984,191.53333333333333,0,d1,0,d1,0,d1,1,d3,1,d3,1,d3
22992,191.6,0,d1,0,d1,0,d1,1,d3,1,d3,1,d3
23000,191.66666666666666,0,d1,0,d1,0,d1,1,d3,1,d3,1,d3
23008,191.73333333333332,0,d1,0,d1,0,d1,1,d3,1,d3,1,d3
23016,191.8,0,d1,0,d1,0,d1,1,d3,1,d3,1,d3
23024,191.86666666666667,0,d1,0,d1,0,d1,1,d3,1,d3,1,d3
23032,191.93333333333334,0,d1,0,d1,0,d1,1,d3,1,d3,1,d3
23040,192.0,0,d1,0,d1,0,d1,1,d3,1,d3,1,d3
23048,192.06666666666666,0,d1,0,d1,0,d1,1,d3,1,d3,1,d3
23056,192.13333333333333,0,d1,0,d1,0,d1,1,d3,1,d3,1,d3
23064,192.2,0,d1,0,d1,0,d1,1,d3,1,d3,1,d3
23072,192.26666666666668,0,d1,0,d1,0,d1,1,d3,1,d3,1,d3
23080,192.33333333333334,0,d1,0,d1,0,d1,1,d3,1,d3,1,d3
23088,192.4,0,d1,0,d1,0,d1,1,d3,1,d3,1,d3
23096,192.46666666666667,0,d1,0,d1,0,d1,1,d3,1,d3,1,d3
23104,192.53333333333333,0,d1,0,d1,0,d1,1,d3,1,d3,1,d3
23112,192.6,0,d1,0,d1,0,d1,1,d3,1,d3,1,d3
23120,192.66666666666666,0,d1,0,d1,0,d1,1,d3,1,d3,1,d3
23128,192.73333333333332,0,d1,0,d1,0,d1,1,d3,1,d3,1,d3
23136,192.8,0,d1,0,d1,0,d1,1,d3,1,d3,1,d3
23144,192.86666666666667,0,d1,0,d1,0,d1,1,d3,1,d3,1,d3
23152,192.93333333333334,0,d1,0,d1,0,d1,1,d3,1,d3,1,d3
23160,193.0,0,d1,0,d1,0,d1,1,d3,1,d3,1,d3
23168,193.06666666666666,0,d1,0,d1,0,d1,1,d3,1,d3,1,d3
23176,193.13333333333333,0,d1,0,d1,0,d1,1,d3,1,d3,1,d3
23184,193.2,0,d1,0,d1,0,d1,1,d3,1,d3,1,d3
23192,193.26666666666668,0,d1,0,d1,0,d1,1,d3,1,d3,1,d3
23200,193.33333333333334,0,d1,0,d1,0,d1,1,d3,1,d3,1,d3
23208,193.4,0,d1,0,d1,0,d1,1,d3,1,d3,1,d3
23216,193.46666666666667,0,d1,0,d1,0,d1,1,d3,1,d3,1,d3
23224,193.53333333333333,0,d1,0,d1,0,d1,1,d3,1,d3,1,d3
23232,193.6,0,d1,0,d1,0,d1,1,d3,1,d3,1,d3
23240,193.66666666666666,0,d1,0,d1,0,d1,1,d3,1,d3,1,d3
23248,193.73333333333332,0,d1,0,d1,0,d1,1,d3,1,d3,1,d3
23256,193.8,0,d1,0,d1,0,d1,1,d3,1,d3,1,d3
23264,193.86666666666667,0,d1,0,d1,0,d1,1,d3,1,d3,1,d3
23272,193.93333333333334,0,d1,0,d1,0,d1,1,d3,1,d3,1,d3
23280,194.0,0,d1,0,d1,0,d1,1,d3,1,d3,1,d3
23288,194.06666666666666,0,d1,0,d1,0,d1,1,d3,1,d3,1,d3
23296,194.13333333333333,0,d1,0,d1,0,d1,1,d3,1,d3,1,d3
23304,194.2,0,d1,0,d1,0,d1,1,d3,1,d3,1,d3
23312,194.26666666666668,0,d1,0,d1,0,d1,1,d3,1,d3,1,d3
23320,194.33333333333334,0,d1,0,d1,0,d1,1,d3,1,d3,1,d3
23328,194.4,0,d1,0,d1,0,d1,1,d3,1,d3,1,d3
23336,194.46666666666667,0,d1,0,d1,0,d1,1,d3,1,d3,1,d3
23344,194.53333333333333,0,d1,0,d1,0,d1,1,d3,1,d3,1,d3
23352,194.6,0,d1,0,d1,0,d1,1,d3,1,d3,1,d3
23360,194.66666666666666,0,d1,0,d1,0,d1,1,d3,1,d3,1,d3
23368,194.73333333333332,0,d1,0,d1,0,d1,1,d3,1,d3,1,d3
23376,194.8,0,d1,0,d1,0,d1,1,d3,1,d3,1,d3
23384,194.86666666666667,0,d1,0,d1,0,d1,1,d3,1,d3,1,d3
23392,194.93333333333334,0,d1,0,d1,0,d1,1,d3,1,d3,1,d3
23400,195.0,0,d1,0,d1,0,d1,1,d3,1,d3,1,d3
23408,195.06666666666666,0,d1,0,d1,0,d1,1,d3,1,d3,1,d3
23416,195.13333333333333,0,d1,0,d1,0,d1,1,d3,1,d3,1,d3
23424,195.2,0,d1,0,d1,0,d1,1,d3,1,d3,1,d3
23432,195.26666666666668,0,d1,0,d1,0,d1,1,d3,1,d3,1,d3
23440,195.33333333333334,0,d1,0,d1,0,d1,1,d3,1,d3,1,d3
23448,195.4,0,d1,0,d1,0,d1,1,d3,1,d3,1,d3
23456,195.46666666666667,0,d1,0,d1,0,d1,1,d3,1,d3,1,d3
23464,195.53333333333333,0,d1,0,d1,0,d1,1,d3,1,d3,1,d3
23472,195.6,0,d1,0,d1,0,d1,1,d3,1,d3,1,d3
23480,195.66666666666666,0,d1,0,d1,0,d1,1,d3,1,d3,1,d3
23488,195.73333333333332,0,d1,0,d1,0,d1,1,d3,1,d3,1,d3
23496,195.8,0,d1,0,d1,0,d1,1,d3,1,d3,1,d3
23504,195.86666666666667,0,d1,0,d1,0,d1,1,d3,1,d3,1,d3
23512,195.93333333333334,0,d1,0,d1,0,d1,1,d3,1,d3,1,d3
23520,196.0,0,d1,0,d1,0,d1,1,d3,1,d3,1,d3
23528,196.06666666666666,0,d1,0,d1,0,d1,1,d3,1,d3,1,d3
23536,196.13333333333333,0,d1,0,d1,0,d1,1,d3,1,d3,1,d3
23544,196.2,0,d1,0,d1,0,d1,1,d3,1,d3,1,d3
23552,196.26666666666668,0,d1,0,d1,0,d1,1,d3,1,d3,1,d3
23560,196.33333333333334,0,d1,0,d1,0,d1,1,d3,1,d3,1,d3
23568,196.4,0,d1,0,d1,0,d1,1,d3,1,d3,1,d3
23576,196.46666666666667,0,d1,0,d1,0,d1,1,d3,1,d3,1,d3
23584,196.53333333333333,0,d1,0,d1,0,d1,1,d3,1,d3,1,d3
23592,196.6,0,d1,0,d1,0,d1,1,d3,1,d3,1,d3
23600,196.66666666666666,0,d1,0,d1,0,d1,1,d3,1,d3,1,d3
23608,196.73333333333332,0,d1,0,d1,0,d1,1,d3,1,d3,1,d3
23616,196.8,0,d1,0,d1,0,d1,1,d3,1,d3,1,d3
23624,196.86666666666667,0,d1,0,d1,0,d1,1,d3,1,d3,1,d3
23632,196.93333333333334,0,d1,0,d1,0,d1,1,d3,1,d3,1,d3
23640,197.0,0,d1,0,d1,0,d1,1,d3,1,d3,1,d3
23648,197.06666666666666,0,d1,0,d1,0,d1,1,d3,1,d3,1,d3
23656,197.13333333333333,0,d1,0,d1,0,d1,1,d3,1,d3,1,d3
23664,197.2,0,d1,0,d1,0,d1,1,d3,1,d3,1,d3
23672,197.26666666666668,0,d1,0,d1,0,d1,1,d3,1,d3,1,d3
23680,197.33333333333334,0,d1,0,d1,0,d1,1,d3,1,d3,1,d3
23688,197.4,0,d1,0,d1,0,d1,1,d3,1,d3,1,d3
23696,197.46666666666667,0,d1,0,d1,0,d1,1,d3,1,d3,1,d3
23704,197.53333333333333,0,d1,0,d1,0,d1,1,d3,1,d3,1,d3
23712,197.6,0,d1,0,d1,0,d1,1,d3,1,d3,1,d3
23720,197.66666666666666,0,d1,0,d1,0,d1,1,d3,1,d3,1,d3
23728,197.73333333333332,0,d1,0,d1,0,d1,1,d3,1,d3,1,d3
23736,197.8,0,d1,0,d1,0,d1,1,d3,1,d3,1,d3
23744,197.86666666666667,0,d1,0,d1,0,d1,1,d3,1,d3,1,d3
23752,197.93333333333334,0,d1,0,d1,0,d1,1,d3,1,d3,1,d3
23760,198.0,0,d1,0,d1,0,d1,1,d3,1,d3,1,d3
23768,198.06666666666666,0,d1,0,d1,0,d1,1,d3,1,d3,1,d3
23776,198.13333333333333,0,d1,0,d1,0,d1,1,d3,1,d3,1,d3
23784,198.2,0,d1,0,d1,0,d1,1,d3,1,d3,1,d3
23792,198.26666666666668,0,d1,0,d1,0,d1,1,d3,1,d3,1,d3
23800,198.33333333333334,0,d1,0,d1,0,d1,1,d3,1,d3,1,d3
23808,198.4,0,d1,0,d1,0,d1,1,d3,1,d3,1,d3
23816,198.46666666666667,0,d1,0,d1,0,d1,1,d3,1,d3,1,d3
23824,198.53333333333333,0,d1,0,d1,0,d1,1,d3,1,d3,1,d3
23832,198.6,0,d1,0,d1,0,d1,1,d3,1,d3,1,d3
23840,198.66666666666666,0,d1,0,d1,0,d1,1,d3,1,d3,1,d3
23848,198.73333333333332,0,d1,0,d1,0,d1,1,d3,1,d3,1,d3
23856,198.8,0,d1,0,d1,0,d1,1,d3,1,d3,1,d3
23864,198.86666666666667,0,d1,0,d1,0,d1,1,d3,1,d3,1,d3
23872,198.93333333333334,0,d1,0,d1,0,d1,1,d3,1,d3,1,d3
23880,199.0,0,d1,0,d1,0,d1,1,d3,1,d3,1,d3
23888,199.06666666666666,0,d1,0,d1,0,d1,1,d3,1,d3,1,d3
23896,199.13333333333333,0,d1,0,d1,0,d1,1,d3,1,d3,1,d3
23904,199.2,0,d1,0,d1,0,d1,1,d3,1,d3,1,d3
23912,199.26666666666668,0,d1,0,d1,0,d1,1,d3,1,d3,1,d3
23920,199.33333333333334,0,d1,0,d1,0,d1,1,d3,1,d3,1,d3
23928,199.4,0,d1,0,d1,0,d1,1,d3,1,d3,1,d3
23936,199.46666666666667,0,d1,0,d1,0,d1,1,d3,1,d3,1,d3
23944,199.53333333333333,0,d1,0,d1,0,d1,1,d3,1,d3,1,d3
23952,199.6,0,d1,0,d1,0,d1,1,d3,1,d3,1,d3
23960,199.66666666666666,0,d1,0,d1,0,d1,1,d3,1,d3,1,d3
23968,199.73333333333332,0,d1,0,d1,0,d1,1,d3,1,d3,1,d3
23976,199.8,0,d1,0,d1,0,d1,1,d3,1,d3,1,d3
23984,199.86666666666667,0,d1,0,d1,0,d1,1,d3,1,d3,1,d3
23992,199.93333333333334,0,d1,0,d1,0,d1,1,d3,1,d3,1,d3
24000,200.0,0,d1,0,d1,0,d1,1,d3,1,d3,1,d3
24008,200.06666666666666,0,d1,0,d1,0,d1,1,d3,1,d3,1,d3
24016,200.13333333333333,0,d1,0,d1,0,d1,1,d3,1,d3,1,d3
24024,200.2,0,d1,0,d1,0,d1,1,d3,1,d3,1,d3
24032,200.26666666666668,0,d1,0,d1,0,d1,1,d3,1,d3,1,d3
24040,200.33333333333334,0,d1,0,d1,0,d1,1,d3,1,d3,1,d3
24048,200.4,0,d1,0,d1,0,d1,1,d3,1,d3,1,d3
24056,200.46666666666667,0,d1,0,d1,0,d1,1,d3,1,d3,1,d3
24064,200.53333333333333,0,d1,0,d1,0,d1,1,d3,1,d3,1,d3
24072,200.6,0,d1,0,d1,0,d1,1,d3,1,d3,1,d3
24080,200.66666666666666,0,d1,0,d1,0,d1,1,d3,1,d3,1,d3
24088,200.73333333333332,0,d1,0,d1,0,d1,1,d3,1,d3,1,d3
24096,200.8,0,d1,0,d1,0,d1,1,d3,1,d3,1,d3
24104,200.86666666666667,0,d1,0,d1,0,d1,1,d3,1,d3,1,d3
24112,200.93333333333334,0,d1,0,d1,0,d1,1,d3,1,d3,1,d3
24120,201.0,0,d1,0,d1,0,d1,1,d3,1,d3,1,d3
24128,201.06666666666666,0,d1,0,d1,0,d1,1,d3,1,d3,1,d3
24136,201.13333333333333,0,d1,0,d1,0,d1,1,d3,1,d3,1,d3
24144,201.2,0,d1,0,d1,0,d1,1,d3,1,d3,1,d3
24152,201.26666666666668,0,d1,0,d1,0,d1,1,d3,1,d3,1,d3
24160,201.33333333333334,0,d1,0,d1,0,d1,1,d3,1,d3,1,d3
24168,201.4,0,d1,0,d1,0,d1,1,d3,1,d3,1,d3
24176,201.46666666666667,0,d1,0,d1,0,d1,1,d3,1,d3,1,d3
24184,201.53333333333333,0,d1,0,d1,0,d1,1,d3,1,d3,1,d3
24192,201.6,0,d1,0,d1,0,d1,1,d3,1,d3,1,d3
24200,201.66666666666666,0,d1,0,d1,0,d1,1,d3,1,d3,1,d3
24208,201.73333333333332,0,d1,0,d1,0,d1,1,d3,1,d3,1,d3
24216,201.8,0,d1,0,d1,0,d1,1,d3,1,d3,1,d3
24224,201.86666666666667,0,d1,0,d1,0,d1,1,d3,1,d3,1,d3
24232,201.93333333333334,0,d1,0,d1,0,d1,1,d3,1,d3,1,d3
24240,202.0,0,d1,0,d1,0,d1,1,d3,1,d3,1,d3
24248,202.06666666666666,0,d1,0,d1,0,d1,1,d3,1,d3,1,d3
24256,202.13333333333333,0,d1,0,d1,0,d1,1,d3,1,d3,1,d3
24264,202.2,0,d1,0,d1,0,d1,1,d3,1,d3,1,d3
24272,202.26666666666668,0,d1,0,d1,0,d1,1,d3,1,d3,1,d3
24280,202.33333333333334,0,d1,0,d1,0,d1,1,d3,1,d3,1,d3
24288,202.4,0,d1,0,d1,0,d1,1,d3,1,d3,1,d3
24296,202.46666666666667,0,d1,0,d1,0,d1,1,d3,1,d3,1,d3
24304,202.53333333333333,0,d1,0,d1,0,d1,1,d3,1,d3,1,d3
24312,202.6,0,d1,0,d1,0,d1,1,d3,1,d3,1,d3
24320,202.66666666666666,0,d1,0,d1,0,d1,1,d3,1,d3,1,d3
24328,202.73333333333332,0,d1,0,d1,0,d1,1,d3,1,d3,1,d3
24336,202.8,0,d1,0,d1,0,d1,1,d3,1,d3,1,d3
24344,202.86666666666667,0,d1,0,d1,0,d1,1,d3,1,d3,1,d3
24352,202.93333333333334,0,d1,0,d1,0,d1,1,d3,1,d3,1,d3
24360,203.0,0,d1,0,d1,0,d1,1,d3,1,d3,1,d3
24368,203.06666666666666,0,d1,0,d1,0,d1,1,d3,1,d3,1,d3
24376,203.13333333333333,0,d1,0,d1,0,d1,1,d3,1,d3,1,d3
24384,203.2,0,d1,0,d1,0,d1,1,d3,1,d3,1,d3
24392,203.26666666666668,0,d1,0,d1,0,d1,1,d3,1,d3,1,d3
24400,203.33333333333334,0,d1,0,d1,0,d1,1,d3,1,d3,1,d3
24408,203.4,0,d1,0,d1,0,d1,1,d3,1,d3,1,d3
24416,203.46666666666667,0,d1,0,d1,0,d1,1,d3,1,d3,1,d3
24424,203.53333333333333,0,d1,0,d1,0,d1,1,d3,1,d3,1,d3
24432,203.6,0,d1,0,d1,0,d1,1,d3,1,d3,1,d3
24440,203.66666666666666,0,d1,0,d1,0,d1,1,d3,1,d3,1,d3
24448,203.73333333333332,0,d1,0,d1,0,d1,1,d3,1,d3,1,d3
24456,203.8,0,d1,0,d1,0,d1,1,d3,1,d3,1,d3
24464,203.86666666666667,0,d1,0,d1,0,d1,1,d3,1,d3,1,d3
24472,203.93333333333334,0,d1,0,d1,0,d1,1,d3,1,d3,1,d3
24480,204.0,0,d1,0,d1,0,d1,1,d3,1,d3,1,d3
24488,204.06666666666666,0,d1,0,d1,0,d1,1,d3,1,d3,1,d3
24496,204.13333333333333,0,d1,0,d1,0,d1,1,d3,1,d3,1,d3
24504,204.2,0,d1,0,d1,0,d1,1,d3,1,d3,1,d3
24512,204.26666666666668,0,d1,0,d1,0,d1,1,d3,1,d3,1,d3
24520,204.33333333333334,0,d1,0,d1,0,d1,1,d3,1,d3,1,d3
24528,204.4,0,d1,0,d1,0,d1,1,d3,1,d3,1,d3
24536,204.46666666666667,0,d1,0,d1,0,d1,1,d3,1,d3,1,d3
24544,204.53333333333333,0,d1,0,d1,0,d1,1,d3,1,d3,1,d3
24552,204.6,0,d1,0,d1,0,d1,1,d3,1,d3,1,d3
24560,204.66666666666666,0,d1,0,d1,0,d1,1,d3,1,d3,1,d3
24568,204.73333333333332,0,d1,0,d1,0,d1,1,d3,1,d3,1,d3
24576,204.8,0,d1,0,d1,0,d1,1,d3,1,d3,1,d3
24584,204.86666666666667,0,d1,0,d1,0,d1,1,d3,1,d3,1,d3
24592,204.93333333333334,0,d1,0,d1,0,d1,1,d3,1,d3,1,d3
24600,205.0,0,d1,0,d1,0,d1,1,d3,1,d3,1,d3
24608,205.06666666666666,0,d1,0,d1,0,d1,1,d3,1,d3,1,d3
24616,205.13333333333333,0,d1,0,d1,0,d1,1,d3,1,d3,1,d3
24624,205.2,0,d1,0,d1,0,d1,1,d3,1,d3,1,d3
24632,205.26666666666668,0,d1,0,d1,0,d1,1,d3,1,d3,1,d3
24640,205.33333333333334,0,d1,0,d1,0,d1,1,d3,1,d3,1,d3
24648,205.4,0,d1,0,d1,0,d1,1,d3,1,d3,1,d3
24656,205.46666666666667,0,d1,0,d1,0,d1,1,d3,1,d3,1,d3
24664,205.53333333333333,0,d1,0,d1,0,d1,1,d3,1,d3,1,d3
24672,205.6,0,d1,0,d1,0,d1,1,d3,1,d3,1,d3
24680,205.66666666666666,0,d1,0,d1,0,d1,1,d3,1,d3,1,d3
24688,205.73333333333332,0,d1,0,d1,0,d1,1,d3,1,d3,1,d3
24696,205.8,0,d1,0,d1,0,d1,1,d3,1,d3,1,d3
24704,205.86666666666667,0,d1,0,d1,0,d1,1,d3,1,d3,1,d3
24712,205.93333333333334,0,d1,0,d1,0,d1,1,d3,1,d3,1,d3
24720,206.0,0,d1,0,d1,0,d1,1,d3,1,d3,1,d3
24728,206.06666666666666,0,d1,0,d1,0,d1,1,d3,1,d3,1,d3
24736,206.13333333333333,0,d1,0,d1,0,d1,1,d3,1,d3,1,d3
24744,206.2,0,d1,0,d1,0,d1,1,d3,1,d3,1,d3
24752,206.26666666666668,0,d1,0,d1,0,d1,1,d3,1,d3,1,d3
24760,206.33333333333334,0,d1,0,d1,0,d1,1,d3,1,d3,1,d3
24768,206.4,0,d1,0,d1,0,d1,1,d3,1,d3,1,d3
24776,206.46666666666667,0,d1,0,d1,0,d1,1,d3,1,d3,1,d3
24784,206.53333333333333,0,d1,0,d1,0,d1,1,d3,1,d3,1,d3
24792,206.6,0,d1,0,d1,0,d1,1,d3,1,d3,1,d3
24800,206.66666666666666,0,d1,0,d1,0,d1,1,d3,1,d3,1,d3
24808,206.73333333333332,0,d1,0,d1,0,d1,1,d3,1,d3,1,d3
24816,206.8,0,d1,0,d1,0,d1,1,d3,1,d3,1,d3
24824,206.86666666666667,0,d1,0,d1,0,d1,1,d3,1,d3,1,d3
24832,206.93333333333334,0,d1,0,d1,0,d1,1,d3,1,d3,1,d3
24840,207.0,0,d1,0,d1,0,d1,1,d3,1,d3,1,d3
24848,207.06666666666666,0,d1,0,d1,0,d1,1,d3,1,d3,1,d3
24856,207.13333333333333,0,d1,0,d1,0,d1,1,d3,1,d3,1,d3
24864,207.2,0,d1,0,d1,0,d1,1,d3,1,d3,1,d3
24872,207.26666666666668,0,d1,0,d1,0,d1,1,d3,1,d3,1,d3
24880,207.33333333333334,0,d1,0,d1,0,d1,1,d3,1,d3,1,d3
24888,207.4,0,d1,0,d1,0,d1,1,d3,1,d3,1,d3
24896,207.46666666666667,0,d1,0,d1,0,d1,1,d3,1,d3,1,d3
24904,207.53333333333333,0,d1,0,d1,0,d1,1,d3,1,d3,1,d3
24912,207.6,0,d1,0,d1,0,d1,1,d3,1,d3,1,d3
24920,207.66666666666666,0,d1,0,d1,0,d1,1,d3,1,d3,1,d3
24928,207.73333333333332,0,d1,0,d1,0,d1,1,d3,1,d3,1,d3
24936,207.8,0,d1,0,d1,0,d1,1,d3,1,d3,1,d3
24944,207.86666666666667,0,d1,0,d1,0,d1,1,d3,1,d3,1,d3
24952,207.93333333333334,0,d1,0,d1,0,d1,1,d3,1,d3,1,d3
24960,208.0,0,d1,0,d1,0,d1,1,d3,1,d3,1,d3
24968,208.06666666666666,0,d1,0,d1,0,d1,1,d3,1,d3,1,d3
24976,208.13333333333333,0,d1,0,d1,0,d1,1,d3,1,d3,1,d3
24984,208.2,0,d1,0,d1,0,d1,1,d3,1,d3,1,d3
24992,208.26666666666668,0,d1,0,d1,0,d1,1,d3,1,d3,1,d3
25000,208.33333333333334,0,d1,0,d1,0,d1,1,d3,1,d3,1,d3
25008,208.4,0,d1,0,d1,0,d1,1,d3,1,d3,1,d3
25016,208.46666666666667,0,d1,0,d1,0,d1,1,d3,1,d3,1,d3
25024,208.53333333333333,0,d1,0,d1,0,d1,1,d3,1,d3,1,d3
25032,208.6,0,d1,0,d1,0,d1,1,d3,1,d3,1,d3
25040,208.66666666666666,0,d1,0,d1,0,d1,1,d3,1,d3,1,d3
25048,208.73333333333332,0,d1,0,d1,0,d1,1,d3,1,d3,1,d3
25056,208.8,0,d1,0,d1,0,d1,1,d3,1,d3,1,d3
25064,208.86666666666667,0,d1,0,d1,0,d1,1,d3,1,d3,1,d3
25072,208.93333333333334,0,d1,0,d1,0,d1,1,d3,1,d3,1,d3
25080,209.0,0,d1,0,d1,0,d1,1,d3,1,d3,1,d3
25088,209.06666666666666,0,d1,0,d1,0,d1,1,d3,1,d3,1,d3
25096,209.13333333333333,0,d1,0,d1,0,d1,1,d3,1,d3,1,d3
25104,209.2,0,d1,0,d1,0,d1,1,d3,1,d3,1,d3
25112,209.26666666666668,0,d1,0,d1,0,d1,1,d3,1,d3,1,d3
25120,209.33333333333334,0,d1,0,d1,0,d1,1,d3,1,d3,1,d3
25128,209.4,0,d1,0,d1,0,d1,1,d3,1,d3,1,d3
25136,209.46666666666667,0,d1,0,d1,0,d1,1,d3,1,d3,1,d3
25144,209.53333333333333,0,d1,0,d1,0,d1,1,d3,1,d3,1,d3
25152,209.6,0,d1,0,d1,0,d1,1,d3,1,d3,1,d3
25160,209.66666666666666,0,d1,0,d1,0,d1,1,d3,1,d3,1,d3
25168,209.73333333333332,0,d1,0,d1,0,d1,1,d3,1,d3,1,d3
25176,209.8,0,d1,0,d1,0,d1,1,d3,1,d3,1,d3
25184,209.86666666666667,0,d1,0,d1,0,d1,1,d3,1,d3,1,d3
25192,209.93333333333334,0,d1,0,d1,0,d1,1,d3,1,d3,1,d3
25200,210.0,0,d1,0,d1,0,d1,1,d3,1,d3,1,d3
25208,210.06666666666666,0,d1,0,d1,0,d1,1,d3,1,d3,1,d3
25216,210.13333333333333,0,d1,0,d1,0,d1,1,d3,1,d3,1,d3
25224,210.2,0,d1,0,d1,0,d1,1,d3,1,d3,1,d3
25232,210.26666666666668,0,d1,0,d1,0,d1,1,d3,1,d3,1,d3
25240,210.33333333333334,0,d1,0,d1,0,d1,1,d3,1,d3,1,d3
25248,210.4,0,d1,0,d1,0,d1,1,d3,1,d3,1,d3
25256,210.46666666666667,0,d1,0,d1,0,d1,1,d3,1,d3,1,d3
25264,210.53333333333333,0,d1,0,d1,0,d1,1,d3,1,d3,1,d3
25272,210.6,0,d1,0,d1,0,d1,1,d3,1,d3,1,d3
25280,210.66666666666666,0,d1,0,d1,0,d1,1,d3,1,d3,1,d3
25288,210.73333333333332,0,d1,0,d1,0,d1,1,d3,1,d3,1,d3
25296,210.8,0,d1,0,d1,0,d1,1,d3,1,d3,1,d3
25304,210.86666666666667,0,d1,0,d1,0,d1,1,d3,1,d3,1,d3
25312,210.93333333333334,0,d1,0,d1,0,d1,1,d3,1,d3,1,d3
25320,211.0,0,d1,0,d1,0,d1,1,d3,1,d3,1,d3
25328,211.06666666666666,0,d1,0,d1,0,d1,1,d3,1,d3,1,d3
25336,211.13333333333333,0,d1,0,d1,0,d1,1,d3,1,d3,1,d3
25344,211.2,0,d1,0,d1,0,d1,1,d3,1,d3,1,d3
25352,211.26666666666668,0,d1,0,d1,0,d1,1,d3,1,d3,1,d3
25360,211.33333333333334,0,d1,0,d1,0,d1,1,d3,1,d3,1,d3
25368,211.4,0,d1,0,d1,0,d1,1,d3,1,d3,1,d3
25376,211.46666666666667,0,d1,0,d1,0,d1,1,d3,1,d3,1,d3
25384,211.53333333333333,0,d1,0,d1,0,d1,1,d3,1,d3,1,d3
25392,211.6,0,d1,0,d1,0,d1,1,d3,1,d3,1,d3
25400,211.66666666666666,0,d1,0,d1,0,d1,1,d3,1,d3,1,d3
25408,211.73333333333332,0,d1,0,d1,0,d1,1,d3,1,d3,1,d3
25416,211.8,0,d1,0,d1,0,d1,1,d3,1,d3,1,d3
25424,211.86666666666667,0,d1,0,d1,0,d1,1,d3,1,d3,1,d3
25432,211.93333333333334,0,d1,0,d1,0,d1,1,d3,1,d3,1,d3
25440,212.0,0,d1,0,d1,0,d1,1,d3,1,d3,1,d3
25448,212.06666666666666,0,d1,0,d1,0,d1,1,d3,1,d3,1,d3
25456,212.13333333333333,0,d1,0,d1,0,d1,1,d3,1,d3,1,d3
25464,212.2,0,d1,0,d1,0,d1,1,d3,1,d3,1,d3
25472,212.26666666666668,0,d1,0,d1,0,d1,1,d3,1,d3,1,d3
25480,212.33333333333334,0,d1,0,d1,0,d1,1,d3,1,d3,1,d3
25488,212.4,0,d1,0,d1,0,d1,1,d3,1,d3,1,d3
25496,212.46666666666667,0,d1,0,d1,0,d1,1,d3,1,d3,1,d3
25504,212.53333333333333,0,d1,0,d1,0,d1,1,d3,1,d3,1,d3
25512,212.6,0,d1,0,d1,0,d1,1,d3,1,d3,1,d3
25520,212.66666666666666,0,d1,0,d1,0,d1,1,d3,1,d3,1,d3
25528,212.73333333333332,0,d1,0,d1,0,d1,1,d3,1,d3,1,d3
25536,212.8,0,d1,0,d1,0,d1,1,d3,1,d3,1,d3
25544,212.86666666666667,0,d1,0,d1,0,d1,1,d3,1,d3,1,d3
25552,212.93333333333334,0,d1,0,d1,0,d1,1,d3,1,d3,1,d3
25560,213.0,0,d1,0,d1,0,d1,1,d3,1,d3,1,d3
25568,213.06666666666666,0,d1,0,d1,0,d1,1,d3,1,d3,1,d3
25576,213.13333333333333,0,d1,0,d1,0,d1,1,d3,1,d3,1,d3
25584,213.2,0,d1,0,d1,0,d1,1,d3,1,d3,1,d3
25592,213.26666666666668,0,d1,0,d1,0,d1,1,d3,1,d3,1,d3
25600,213.33333333333334,0,d1,0,d1,0,d1,1,d3,1,d3,1,d3
25608,213.4,0,d1,0,d1,0,d1,1,d3,1,d3,1,d3
25616,213.46666666666667,0,d1,0,d1,0,d1,1,d3,1,d3,1,d3
25624,213.53333333333333,0,d1,0,d1,0,d1,1,d3,1,d3,1,d3
25632,213.6,0,d1,0,d1,0,d1,1,d3,1,d3,1,d3
25640,213.66666666666666,0,d1,0,d1,0,d1,1,d3,1,d3,1,d3
25648,213.73333333333332,0,d1,0,d1,0,d1,1,d3,1,d3,1,d3
25656,213.8,0,d1,0,d1,0,d1,1,d3,1,d3,1,d3
25664,213.86666666666667,0,d1,0,d1,0,d1,1,d3,1,d3,1,d3
25672,213.93333333333334,0,d1,0,d1,0,d1,1,d3,1,d3,1,d3
25680,214.0,0,d1,0,d1,0,d1,1,d3,1,d3,1,d3
25688,214.06666666666666,0,d1,0,d1,0,d1,1,d3,1,d3,1,d3
25696,214.13333333333333,0,d1,0,d1,0,d1,1,d3,1,d3,1,d3
25704,214.2,0,d1,0,d1,0,d1,1,d3,1,d3,1,d3
25712,214.26666666666668,0,d1,0,d1,0,d1,1,d3,1,d3,1,d3
25720,214.33333333333334,0,d1,0,d1,0,d1,1,d3,1,d3,1,d3
25728,214.4,0,d1,0,d1,0,d1,1,d3,1,d3,1,d3
25736,214.46666666666667,0,d1,0,d1,0,d1,1,d3,1,d3,1,d3
25744,214.53333333333333,0,d1,0,d1,0,d1,1,d3,1,d3,1,d3
25752,214.6,0,d1,0,d1,0,d1,1,d3,1,d3,1,d3
25760,214.66666666666666,0,d1,0,d1,0,d1,1,d3,1,d3,1,d3
25768,214.73333333333332,0,d1,0,d1,0,d1,1,d3,1,d3,1,d3
25776,214.8,0,d1,0,d1,0,d1,1,d3,1,d3,1,d3
25784,214.86666666666667,0,d1,0,d1,0,d1,1,d3,1,d3,1,d3
25792,214.93333333333334,0,d1,0,d1,0,d1,1,d3,1,d3,1,d3
25800,215.0,0,d1,0,d1,0,d1,1,d3,1,d3,1,d3
25808,215.06666666666666,0,d1,0,d1,0,d1,1,d3,1,d3,1,d3
25816,215.13333333333333,0,d1,0,d1,0,d1,1,d3,1,d3,1,d3
25824,215.2,0,d1,0,d1,0,d1,1,d3,1,d3,1,d3
25832,215.26666666666668,0,d1,0,d1,0,d1,1,d3,1,d3,1,d3
25840,215.33333333333334,0,d1,0,d1,0,d1,1,d3,1,d3,1,d3
25848,215.4,0,d1,0,d1,0,d1,1,d3,1,d3,1,d3
25856,215.46666666666667,0,d1,0,d1,0,d1,1,d3,1,d3,1,d3
25864,215.53333333333333,0,d1,0,d1,0,d1,1,d3,1,d3,1,d3
25872,215.6,0,d1,0,d1,0,d1,1,d3,1,d3,1,d3
25880,215.66666666666666,0,d1,0,d1,0,d1,1,d3,1,d3,1,d3
25888,215.73333333333332,0,d1,0,d1,0,d1,1,d3,1,d3,1,d3
25896,215.8,0,d1,0,d1,0,d1,1,d3,1,d3,1,d3
25904,215.86666666666667,0,d1,0,d1,0,d1,1,d3,1,d3,1,d3
25912,215.93333333333334,0,d1,0,d1,0,d1,1,d3,1,d3,1,d3
25920,216.0,0,d1,0,d1,0,d1,1,d3,1,d3,1,d3
25928,216.06666666666666,0,d1,0,d1,0,d1,1,d3,1,d3,1,d3
25936,216.13333333333333,0,d1,0,d1,0,d1,1,d3,1,d3,1,d3
25944,216.2,0,d1,0,d1,0,d1,1,d3,1,d3,1,d3
25952,216.26666666666668,0,d1,0,d1,0,d1,1,d3,1,d3,1,d3
25960,216.33333333333334,0,d1,0,d1,0,d1,1,d3,1,d3,1,d3
25968,216.4,0,d1,0,d1,0,d1,1,d3,1,d3,1,d3
25976,216.46666666666667,0,d1,0,d1,0,d1,1,d3,1,d3,1,d3
25984,216.53333333333333,0,d1,0,d1,0,d1,1,d3,1,d3,1,d3
25992,216.6,0,d1,0,d1,0,d1,1,d3,1,d3,1,d3
26000,216.66666666666666,0,d1,0,d1,0,d1,1,d3,1,d3,1,d3
26008,216.73333333333332,0,d1,0,d1,0,d1,1,d3,1,d3,1,d3
26016,216.8,0,d1,0,d1,0,d1,1,d3,1,d3,1,d3
26024,216.86666666666667,0,d1,0,d1,0,d1,1,d3,1,d3,1,d3
26032,216.93333333333334,0,d1,0,d1,0,d1,1,d3,1,d3,1,d3
26040,217.0,0,d1,0,d1,0,d1,1,d3,1,d3,1,d3
26048,217.06666666666666,0,d1,0,d1,0,d1,1,d3,1,d3,1,d3
26056,217.13333333333333,0,d1,0,d1,0,d1,1,d3,1,d3,1,d3
26064,217.2,0,d1,0,d1,0,d1,1,d3,1,d3,1,d3
26072,217.26666666666668,0,d1,0,d1,0,d1,1,d3,1,d3,1,d3
26080,217.33333333333334,0,d1,0,d1,0,d1,1,d3,1,d3,1,d3
26088,217.4,0,d1,0,d1,0,d1,1,d3,1,d3,1,d3
26096,217.46666666666667,0,d1,0,d1,0,d1,1,d3,1,d3,1,d3
26104,217.53333333333333,0,d1,0,d1,0,d1,1,d3,1,d3,1,d3
26112,217.6,0,d1,0,d1,0,d1,1,d3,1,d3,1,d3
26120,217.66666666666666,0,d1,0,d1,0,d1,1,d3,1,d3,1,d3
26128,217.73333333333332,0,d1,0,d1,0,d1,1,d3,1,d3,1,d3
26136,217.8,0,d1,0,d1,0,d1,1,d3,1,d3,1,d3
26144,217.86666666666667,0,d1,0,d1,0,d1,1,d3,1,d3,1,d3
26152,217.93333333333334,0,d1,0,d1,0,d1,1,d3,1,d3,1,d3
26160,218.0,0,d1,0,d1,0,d1,1,d3,1,d3,1,d3
26168,218.06666666666666,0,d1,0,d1,0,d1,1,d3,1,d3,1,d3
26176,218.13333333333333,0,d1,0,d1,0,d1,1,d3,1,d3,1,d3
26184,218.2,0,d1,0,d1,0,d1,1,d3,1,d3,1,d3
26192,218.26666666666668,0,d1,0,d1,0,d1,1,d3,1,d3,1,d3
26200,218.33333333333334,0,d1,0,d1,0,d1,1,d3,1,d3,1,d3
26208,218.4,0,d1,0,d1,0,d1,1,d3,1,d3,1,d3
26216,218.46666666666667,0,d1,0,d1,0,d1,1,d3,1,d3,1,d3
26224,218.53333333333333,0,d1,0,d1,0,d1,1,d3,1,d3,1,d3
26232,218.6,0,d1,0,d1,0,d1,1,d3,1,d3,1,d3
26240,218.66666666666666,0,d1,0,d1,0,d1,1,d3,1,d3,1,d3
26248,218.73333333333332,0,d1,0,d1,0,d1,1,d3,1,d3,1,d3
26256,218.8,0,d1,0,d1,0,d1,1,d3,1,d3,1,d3
26264,218.86666666666667,0,d1,0,d1,0,d1,1,d3,1,d3,1,d3
26272,218.93333333333334,0,d1,0,d1,0,d1,1,d3,1,d3,1,d3
26280,219.0,0,d1,0,d1,0,d1,1,d3,1,d3,1,d3
26288,219.06666666666666,0,d1,0,d1,0,d1,1,d3,1,d3,1,d3
26296,219.13333333333333,0,d1,0,d1,0,d1,1,d3,1,d3,1,d3
26304,219.2,0,d1,0,d1,0,d1,1,d3,1,d3,1,d3
26312,219.26666666666668,0,d1,0,d1,0,d1,1,d3,1,d3,1,d3
26320,219.33333333333334,0,d1,0,d1,0,d1,1,d3,1,d3,1,d3
26328,219.4,0,d1,0,d1,0,d1,1,d3,1,d3,1,d3
26336,219.46666666666667,0,d1,0,d1,0,d1,1,d3,1,d3,1,d3
26344,219.53333333333333,0,d1,0,d1,0,d1,1,d3,1,d3,1,d3
26352,219.6,0,d1,0,d1,0,d1,1,d3,1,d3,1,d3
26360,219.66666666666666,0,d1,0,d1,0,d1,1,d3,1,d3,1,d3
26368,219.73333333333332,0,d1,0,d1,0,d1,1,d3,1,d3,1,d3
26376,219.8,0,d1,0,d1,0,d1,1,d3,1,d3,1,d3
26384,219.86666666666667,0,d1,0,d1,0,d1,1,d3,1,d3,1,d3
26392,219.93333333333334,0,d1,0,d1,0,d1,1,d3,1,d3,1,d3
26400,220.0,0,d1,0,d1,0,d1,1,d3,1,d3,1,d3
26408,220.06666666666666,0,d1,0,d1,0,d1,1,d3,1,d3,1,d3
26416,220.13333333333333,0,d1,0,d1,0,d1,1,d3,1,d3,1,d3
26424,220.2,0,d1,0,d1,0,d1,1,d3,1,d3,1,d3
26432,220.26666666666668,0,d1,0,d1,0,d1,1,d3,1,d3,1,d3
26440,220.33333333333334,0,d1,0,d1,0,d1,1,d3,1,d3,1,d3
26448,220.4,0,d1,0,d1,0,d1,1,d3,1,d3,1,d3
26456,220.46666666666667,0,d1,0,d1,0,d1,1,d3,1,d3,1,d3
26464,220.53333333333333,0,d1,0,d1,0,d1,1,d3,1,d3,1,d3
26472,220.6,0,d1,0,d1,0,d1,1,d3,1,d3,1,d3
26480,220.66666666666666,0,d1,0,d1,0,d1,1,d3,1,d3,1,d3
26488,220.73333333333332,0,d1,0,d1,0,d1,1,d3,1,d3,1,d3
26496,220.8,0,d1,0,d1,0,d1,1,d3,1,d3,1,d3
26504,220.86666666666667,0,d1,0,d1,0,d1,1,d3,1,d3,1,d3
26512,220.93333333333334,0,d1,0,d1,0,d1,1,d3,1,d3,1,d3
26520,221.0,0,d1,0,d1,0,d1,1,d3,1,d3,1,d3
26528,221.06666666666666,0,d1,0,d1,0,d1,1,d3,1,d3,1,d3
26536,221.13333333333333,0,d1,0,d1,0,d1,1,d3,1,d3,1,d3
26544,221.2,0,d1,0,d1,0,d1,1,d3,1,d3,1,d3
26552,221.26666666666668,0,d1,0,d1,0,d1,1,d3,1,d3,1,d3
26560,221.33333333333334,0,d1,0,d1,0,d1,1,d3,1,d3,1,d3
26568,221.4,0,d1,0,d1,0,d1,1,d3,1,d3,1,d3
26576,221.46666666666667,0,d1,0,d1,0,d1,1,d3,1,d3,1,d3
26584,221.53333333333333,0,d1,0,d1,0,d1,1,d3,1,d3,1,d3
26592,221.6,0,d1,0,d1,0,d1,1,d3,1,d3,1,d3
26600,221.66666666666666,0,d1,0,d1,0,d1,1,d3,1,d3,1,d3
26608,221.73333333333332,0,d1,0,d1,0,d1,1,d3,1,d3,1,d3
26616,221.8,0,d1,0,d1,0,d1,1,d3,1,d3,1,d3
26624,221.86666666666667,0,d1,0,d1,0,d1,1,d3,1,d3,1,d3
26632,221.93333333333334,0,d1,0,d1,0,d1,1,d3,1,d3,1,d3
26640,222.0,0,d1,0,d1,0,d1,1,d3,1,d3,1,d3
26648,222.06666666666666,0,d1,0,d1,0,d1,1,d3,1,d3,1,d3
26656,222.13333333333333,0,d1,0,d1,0,d1,1,d3,1,d3,1,d3
26664,222.2,0,d1,0,d1,0,d1,1,d3,1,d3,1,d3
26672,222.26666666666668,0,d1,0,d1,0,d1,1,d3,1,d3,1,d3
26680,222.33333333333334,0,d1,0,d1,0,d1,1,d3,1,d3,1,d3
26688,222.4,0,d1,0,d1,0,d1,1,d3,1,d3,1,d3
26696,222.46666666666667,0,d1,0,d1,0,d1,1,d3,1,d3,1,d3
26704,222.53333333333333,0,d1,0,d1,0,d1,1,d3,1,d3,1,d3
26712,222.6,0,d1,0,d1,0,d1,1,d3,1,d3,1,d3
26720,222.66666666666666,0,d1,0,d1,0,d1,1,d3,1,d3,1,d3
26728,222.73333333333332,0,d1,0,d1,0,d1,1,d3,1,d3,1,d3
26736,222.8,0,d1,0,d1,0,d1,1,d3,1,d3,1,d3
26744,222.86666666666667,0,d1,0,d1,0,d1,1,d3,1,d3,1,d3
26752,222.93333333333334,0,d1,0,d1,0,d1,1,d3,1,d3,1,d3
26760,223.0,0,d1,0,d1,0,d1,1,d3,1,d3,1,d3
26768,223.06666666666666,0,d1,0,d1,0,d1,1,d3,1,d3,1,d3
26776,223.13333333333333,0,d1,0,d1,0,d1,1,d3,1,d3,1,d3
26784,223.2,0,d1,0,d1,0,d1,1,d3,1,d3,1,d3
26792,223.26666666666668,0,d1,0,d1,0,d1,1,d3,1,d3,1,d3
26800,223.33333333333334,0,d1,0,d1,0,d1,1,d3,1,d3,1,d3
26808,223.4,0,d1,0,d1,0,d1,1,d3,1,d3,1,d3
26816,223.46666666666667,0,d1,0,d1,0,d1,1,d3,1,d3,1,d3
26824,223.53333333333333,0,d1,0,d1,0,d1,1,d3,1,d3,1,d3
26832,223.6,0,d1,0,d1,0,d1,1,d3,1,d3,1,d3
26840,223.66666666666666,0,d1,0,d1,0,d1,1,d3,1,d3,1,d3
26848,223.73333333333332,0,d1,0,d1,0,d1,1,d3,1,d3,1,d3
26856,223.8,0,d1,0,d1,0,d1,1,d3,1,d3,1,d3
26864,223.86666666666667,0,d1,0,d1,0,d1,1,d3,1,d3,1,d3
26872,223.93333333333334,0,d1,0,d1,0,d1,1,d3,1,d3,1,d3
26880,224.0,0,d1,0,d1,0,d1,1,d3,1,d3,1,d3
26888,224.06666666666666,0,d1,0,d1,0,d1,1,d3,1,d3,1,d3
26896,224.13333333333333,0,d1,0,d1,0,d1,1,d3,1,d3,1,d3
26904,224.2,0,d1,0,d1,0,d1,1,d3,1,d3,1,d3
26912,224.26666666666668,0,d1,0,d1,0,d1,1,d3,1,d3,1,d3
26920,224.33333333333334,0,d1,0,d1,0,d1,1,d3,1,d3,1,d3
26928,224.4,0,d1,0,d1,0,d1,1,d3,1,d3,1,d3
26936,224.46666666666667,0,d1,0,d1,0,d1,1,d3,1,d3,1,d3
26944,224.53333333333333,0,d1,0,d1,0,d1,1,d3,1,d3,1,d3
26952,224.6,0,d1,0,d1,0,d1,1,d3,1,d3,1,d3
26960,224.66666666666666,0,d1,0,d1,0,d1,1,d3,1,d3,1,d3
26968,224.73333333333332,0,d1,0,d1,0,d1,1,d3,1,d3,1,d3
26976,224.8,0,d1,0,d1,0,d1,1,d3,1,d3,1,d3
26984,224.86666666666667,0,d1,0,d1,0,d1,1,d3,1,d3,1,d3
26992,224.93333333333334,0,d1,0,d1,0,d1,1,d3,1,d3,1,d3
27000,225.0,0,d1,0,d1,0,d1,1,d3,1,d3,1,d3
27008,225.06666666666666,0,d1,0,d1,0,d1,1,d3,1,d3,1,d3
27016,225.13333333333333,0,d1,0,d1,0,d1,1,d3,1,d3,1,d3
27024,225.2,0,d1,0,d1,0,d1,1,d3,1,d3,1,d3
27032,225.26666666666668,0,d1,0,d1,0,d1,1,d3,1,d3,1,d3
27040,225.33333333333334,0,d1,0,d1,0,d1,1,d3,1,d3,1,d3
27048,225.4,0,d1,0,d1,0,d1,1,d3,1,d3,1,d3
27056,225.46666666666667,0,d1,0,d1,0,d1,1,d3,1,d3,1,d3
27064,225.53333333333333,0,d1,0,d1,0,d1,1,d3,1,d3,1,d3
27072,225.6,0,d1,0,d1,0,d1,1,d3,1,d3,1,d3
27080,225.66666666666666,0,d1,0,d1,0,d1,1,d3,1,d3,1,d3
27088,225.73333333333332,0,d1,0,d1,0,d1,1,d3,1,d3,1,d3
27096,225.8,0,d1,0,d1,0,d1,1,d3,1,d3,1,d3
27104,225.86666666666667,0,d1,0,d1,0,d1,1,d3,1,d3,1,d3
27112,225.93333333333334,0,d1,0,d1,0,d1,1,d3,1,d3,1,d3
27120,226.0,0,d1,0,d1,0,d1,1,d3,1,d3,1,d3
27128,226.06666666666666,0,d1,0,d1,0,d1,1,d3,1,d3,1,d3
27136,226.13333333333333,0,d1,0,d1,0,d1,1,d3,1,d3,1,d3
27144,226.2,0,d1,0,d1,0,d1,1,d3,1,d3,1,d3
27152,226.26666666666668,0,d1,0,d1,0,d1,1,d3,1,d3,1,d3
27160,226.33333333333334,0,d1,0,d1,0,d1,1,d3,1,d3,1,d3
27168,226.4,0,d1,0,d1,0,d1,1,d3,1,d3,1,d3
27176,226.46666666666667,0,d1,0,d1,0,d1,1,d3,1,d3,1,d3
27184,226.53333333333333,0,d1,0,d1,0,d1,1,d3,1,d3,1,d3
27192,226.6,0,d1,0,d1,0,d1,1,d3,1,d3,1,d3
27200,226.66666666666666,0,d1,0,d1,0,d1,1,d3,1,d3,1,d3
27208,226.73333333333332,0,d1,0,d1,0,d1,1,d3,1,d3,1,d3
27216,226.8,0,d1,0,d1,0,d1,1,d3,1,d3,1,d3
27224,226.86666666666667,0,d1,0,d1,0,d1,1,d3,1,d3,1,d3
27232,226.93333333333334,0,d1,0,d1,0,d1,1,d3,1,d3,1,d3
27240,227.0,0,d1,0,d1,0,d1,1,d3,1,d3,1,d3
27248,227.06666666666666,0,d1,0,d1,0,d1,1,d3,1,d3,1,d3
27256,227.13333333333333,0,d1,0,d1,0,d1,1,d3,1,d3,1,d3
27264,227.2,0,d1,0,d1,0,d1,1,d3,1,d3,1,d3
27272,227.26666666666668,0,d1,0,d1,0,d1,1,d3,1,d3,1,d3
27280,227.33333333333334,0,d1,0,d1,0,d1,1,d3,1,d3,1,d3
27288,227.4,0,d1,0,d1,0,d1,1,d3,1,d3,1,d3
27296,227.46666666666667,0,d1,0,d1,0,d1,1,d3,1,d3,1,d3
27304,227.53333333333333,0,d1,0,d1,0,d1,1,d3,1,d3,1,d3
27312,227.6,0,d1,0,d1,0,d1,1,d3,1,d3,1,d3
27320,227.66666666666666,0,d1,0,d1,0,d1,1,d3,1,d3,1,d3
27328,227.73333333333332,0,d1,0,d1,0,d1,1,d3,1,d3,1,d3
27336,227.8,0,d1,0,d1,0,d1,1,d3,1,d3,1,d3
27344,227.86666666666667,0,d1,0,d1,0,d1,1,d3,1,d3,1,d3
27352,227.93333333333334,0,d1,0,d1,0,d1,1,d3,1,d3,1,d3
27360,228.0,0,d1,0,d1,0,d1,1,d3,1,d3,1,d3
27368,228.06666666666666,0,d1,0,d1,0,d1,1,d3,1,d3,1,d3
27376,228.13333333333333,0,d1,0,d1,0,d1,1,d3,1,d3,1,d3
27384,228.2,0,d1,0,d1,0,d1,1,d3,1,d3,1,d3
27392,228.26666666666668,0,d1,0,d1,0,d1,1,d3,1,d3,1,d3
27400,228.33333333333334,0,d1,0,d1,0,d1,1,d3,1,d3,1,d3
27408,228.4,0,d1,0,d1,0,d1,1,d3,1,d3,1,d3
27416,228.46666666666667,0,d1,0,d1,0,d1,1,d3,1,d3,1,d3
27424,228.53333333333333,0,d1,0,d1,0,d1,1,d3,1,d3,1,d3
27432,228.6,0,d1,0,d1,0,d1,1,d3,1,d3,1,d3
27440,228.66666666666666,0,d1,0,d1,0,d1,1,d3,1,d3,1,d3
27448,228.73333333333332,0,d1,0,d1,0,d1,1,d3,1,d3,1,d3
27456,228.8,0,d1,0,d1,0,d1,1,d3,1,d3,1,d3
27464,228.86666666666667,0,d1,0,d1,0,d1,1,d3,1,d3,1,d3
27472,228.93333333333334,0,d1,0,d1,0,d1,1,d3,1,d3,1,d3
27480,229.0,0,d1,0,d1,0,d1,1,d3,1,d3,1,d3
27488,229.06666666666666,0,d1,0,d1,0,d1,1,d3,1,d3,1,d3
27496,229.13333333333333,0,d1,0,d1,0,d1,1,d3,1,d3,1,d3
27504,229.2,0,d1,0,d1,0,d1,1,d3,1,d3,1,d3
27512,229.26666666666668,0,d1,0,d1,0,d1,1,d3,1,d3,1,d3
27520,229.33333333333334,0,d1,0,d1,0,d1,1,d3,1,d3,1,d3
27528,229.4,0,d1,0,d1,0,d1,1,d3,1,d3,1,d3
27536,229.46666666666667,0,d1,0,d1,0,d1,1,d3,1,d3,1,d3
27544,229.53333333333333,0,d1,0,d1,0,d1,1,d3,1,d3,1,d3
27552,229.6,0,d1,0,d1,0,d1,1,d3,1,d3,1,d3
27560,229.66666666666666,0,d1,0,d1,0,d1,1,d3,1,d3,1,d3
27568,229.73333333333332,0,d1,0,d1,0,d1,1,d3,1,d3,1,d3
27576,229.8,0,d1,0,d1,0,d1,1,d3,1,d3,1,d3
27584,229.86666666666667,0,d1,0,d1,0,d1,1,d3,1,d3,1,d3
27592,229.93333333333334,0,d1,0,d1,0,d1,1,d3,1,d3,1,d3
27600,230.0,0,d1,0,d1,0,d1,1,d3,1,d3,1,d3
27608,230.06666666666666,0,d1,0,d1,0,d1,1,d3,1,d3,1,d3
27616,230.13333333333333,0,d1,0,d1,0,d1,1,d3,1,d3,1,d3
27624,230.2,0,d1,0,d1,0,d1,1,d3,1,d3,1,d3
27632,230.26666666666668,0,d1,0,d1,0,d1,1,d3,1,d3,1,d3
27640,230.33333333333334,0,d1,0,d1,0,d1,1,d3,1,d3,1,d3
27648,230.4,0,d1,0,d1,0,d1,1,d3,1,d3,1,d3
27656,230.46666666666667,0,d1,0,d1,0,d1,1,d3,1,d3,1,d3
27664,230.53333333333333,0,d1,0,d1,0,d1,1,d3,1,d3,1,d3
27672,230.6,0,d1,0,d1,0,d1,1,d3,1,d3,1,d3
27680,230.66666666666666,0,d1,0,d1,0,d1,1,d3,1,d3,1,d3
27688,230.73333333333332,0,d1,0,d1,0,d1,1,d3,1,d3,1,d3
27696,230.8,0,d1,0,d1,0,d1,1,d3,1,d3,1,d3
27704,230.86666666666667,0,d1,0,d1,0,d1,1,d3,1,d3,1,d3
27712,230.93333333333334,0,d1,0,d1,0,d1,1,d3,1,d3,1,d3
27720,231.0,0,d1,0,d1,0,d1,1,d3,1,d3,1,d3
27728,231.06666666666666,0,d1,0,d1,0,d1,1,d3,1,d3,1,d3
27736,231.13333333333333,0,d1,0,d1,0,d1,1,d3,1,d3,1,d3
27744,231.2,0,d1,0,d1,0,d1,1,d3,1,d3,1,d3
27752,231.26666666666668,0,d1,0,d1,0,d1,1,d3,1,d3,1,d3
27760,231.33333333333334,0,d1,0,d1,0,d1,1,d3,1,d3,1,d3
27768,231.4,0,d1,0,d1,0,d1,1,d3,1,d3,1,d3
27776,231.46666666666667,0,d1,0,d1,0,d1,1,d3,1,d3,1,d3
27784,231.53333333333333,0,d1,0,d1,0,d1,1,d3,1,d3,1,d3
27792,231.6,0,d1,0,d1,0,d1,1,d3,1,d3,1,d3
27800,231.66666666666666,0,d1,0,d1,0,d1,1,d3,1,d3,1,d3
27808,231.73333333333332,0,d1,0,d1,0,d1,1,d3,1,d3,1,d3
27816,231.8,0,d1,0,d1,0,d1,1,d3,1,d3,1,d3
27824,231.86666666666667,0,d1,0,d1,0,d1,1,d3,1,d3,1,d3
27832,231.93333333333334,0,d1,0,d1,0,d1,1,d3,1,d3,1,d3
27840,232.0,0,d1,0,d1,0,d1,1,d3,1,d3,1,d3
27848,232.06666666666666,0,d1,0,d1,0,d1,1,d3,1,d3,1,d3
27856,232.13333333333333,0,d1,0,d1,0,d1,1,d3,1,d3,1,d3
27864,232.2,0,d1,0,d1,0,d1,1,d3,1,d3,1,d3
27872,232.26666666666668,0,d1,0,d1,0,d1,1,d3,1,d3,1,d3
27880,232.33333333333334,0,d1,0,d1,0,d1,1,d3,1,d3,1,d3
27888,232.4,0,d1,0,d1,0,d1,1,d3,1,d3,1,d3
27896,232.46666666666667,0,d1,0,d1,0,d1,1,d3,1,d3,1,d3
27904,232.53333333333333,0,d1,0,d1,0,d1,1,d3,1,d3,1,d3
27912,232.6,0,d1,0,d1,0,d1,1,d3,1,d3,1,d3
27920,232.66666666666666,0,d1,0,d1,0,d1,1,d3,1,d3,1,d3
27928,232.73333333333332,0,d1,0,d1,0,d1,1,d3,1,d3,1,d3
27936,232.8,0,d1,0,d1,0,d1,1,d3,1,d3,1,d3
27944,232.86666666666667,0,d1,0,d1,0,d1,1,d3,1,d3,1,d3
27952,232.93333333333334,0,d1,0,d1,0,d1,1,d3,1,d3,1,d3
27960,233.0,0,d1,0,d1,0,d1,1,d3,1,d3,1,d3
27968,233.06666666666666,0,d1,0,d1,0,d1,1,d3,1,d3,1,d3
27976,233.13333333333333,0,d1,0,d1,0,d1,1,d3,1,d3,1,d3
27984,233.2,0,d1,0,d1,0,d1,1,d3,1,d3,1,d3
27992,233.26666666666668,0,d1,0,d1,0,d1,1,d3,1,d3,1,d3
28000,233.33333333333334,0,d1,0,d1,0,d1,1,d3,1,d3,1,d3
28008,233.4,0,d1,0,d1,0,d1,1,d3,1,d3,1,d3
28016,233.46666666666667,0,d1,0,d1,0,d1,1,d3,1,d3,1,d3
28024,233.53333333333333,0,d1,0,d1,0,d1,1,d3,1,d3,1,d3
28032,233.6,0,d1,0,d1,0,d1,1,d3,1,d3,1,d3
28040,233.66666666666666,0,d1,0,d1,0,d1,1,d3,1,d3,1,d3
28048,233.73333333333332,0,d1,0,d1,0,d1,1,d3,1,d3,1,d3
28056,233.8,0,d1,0,d1,0,d1,1,d3,1,d3,1,d3
28064,233.86666666666667,0,d1,0,d1,0,d1,1,d3,1,d3,1,d3
28072,233.93333333333334,0,d1,0,d1,0,d1,1,d3,1,d3,1,d3
28080,234.0,0,d1,0,d1,0,d1,1,d3,1,d3,1,d3
28088,234.06666666666666,0,d1,0,d1,0,d1,1,d3,1,d3,1,d3
28096,234.13333333333333,0,d1,0,d1,0,d1,1,d3,1,d3,1,d3
28104,234.2,0,d1,0,d1,0,d1,1,d3,1,d3,1,d3
28112,234.26666666666668,0,d1,0,d1,0,d1,1,d3,1,d3,1,d3
28120,234.33333333333334,0,d1,0,d1,0,d1,1,d3,1,d3,1,d3
28128,234.4,0,d1,0,d1,0,d1,1,d3,1,d3,1,d3
28136,234.46666666666667,0,d1,0,d1,0,d1,1,d3,1,d3,1,d3
28144,234.53333333333333,0,d1,0,d1,0,d1,1,d3,1,d3,1,d3
28152,234.6,0,d1,0,d1,0,d1,1,d3,1,d3,1,d3
28160,234.66666666666666,0,d1,0,d1,0,d1,1,d3,1,d3,1,d3
28168,234.73333333333332,0,d1,0,d1,0,d1,1,d3,1,d3,1,d3
28176,234.8,0,d1,0,d1,0,d1,1,d3,1,d3,1,d3
28184,234.86666666666667,0,d1,0,d1,0,d1,1,d3,1,d3,1,d3
28192,234.93333333333334,0,d1,0,d1,0,d1,1,d3,1,d3,1,d3
28200,235.0,0,d1,0,d1,0,d1,1,d3,1,d3,1,d3
28208,235.06666666666666,0,d1,0,d1,0,d1,1,d3,1,d3,1,d3
28216,235.13333333333333,0,d1,0,d1,0,d1,1,d3,1,d3,1,d3
28224,235.2,0,d1,0,d1,0,d1,1,d3,1,d3,1,d3
28232,235.26666666666668,0,d1,0,d1,0,d1,1,d3,1,d3,1,d3
28240,235.33333333333334,0,d1,0,d1,0,d1,1,d3,1,d3,1,d3
28248,235.4,0,d1,0,d1,0,d1,1,d3,1,d3,1,d3
28256,235.46666666666667,0,d1,0,d1,0,d1,1,d3,1,d3,1,d3
28264,235.53333333333333,0,d1,0,d1,0,d1,1,d3,1,d3,1,d3
28272,235.6,0,d1,0,d1,0,d1,1,d3,1,d3,1,d3
28280,235.66666666666666,0,d1,0,d1,0,d1,1,d3,1,d3,1,d3
28288,235.73333333333332,0,d1,0,d1,0,d1,1,d3,1,d3,1,d3
28296,235.8,0,d1,0,d1,0,d1,1,d3,1,d3,1,d3
28304,235.86666666666667,0,d1,0,d1,0,d1,1,d3,1,d3,1,d3
28312,235.93333333333334,0,d1,0,d1,0,d1,1,d3,1,d3,1,d3
28320,236.0,0,d1,0,d1,0,d1,1,d3,1,d3,1,d3
28328,236.06666666666666,0,d1,0,d1,0,d1,1,d3,1,d3,1,d3
28336,236.13333333333333,0,d1,0,d1,0,d1,1,d3,1,d3,1,d3
28344,236.2,0,d1,0,d1,0,d1,1,d3,1,d3,1,d3
28352,236.26666666666668,0,d1,0,d1,0,d1,1,d3,1,d3,1,d3
28360,236.33333333333334,0,d1,0,d1,0,d1,1,d3,1,d3,1,d3
28368,236.4,0,d1,0,d1,0,d1,1,d3,1,d3,1,d3
28376,236.46666666666667,0,d1,0,d1,0,d1,1,d3,1,d3,1,d3
28384,236.53333333333333,0,d1,0,d1,0,d1,1,d3,1,d3,1,d3
28392,236.6,0,d1,0,d1,0,d1,1,d3,1,d3,1,d3
28400,236.66666666666666,0,d1,0,d1,0,d1,1,d3,1,d3,1,d3
28408,236.73333333333332,0,d1,0,d1,0,d1,1,d3,1,d3,1,d3
28416,236.8,0,d1,0,d1,0,d1,1,d3,1,d3,1,d3
28424,236.86666666666667,0,d1,0,d1,0,d1,1,d3,1,d3,1,d3
28432,236.93333333333334,0,d1,0,d1,0,d1,1,d3,1,d3,1,d3
28440,237.0,0,d1,0,d1,0,d1,1,d3,1,d3,1,d3
28448,237.06666666666666,0,d1,0,d1,0,d1,1,d3,1,d3,1,d3
28456,237.13333333333333,0,d1,0,d1,0,d1,1,d3,1,d3,1,d3
28464,237.2,0,d1,0,d1,0,d1,1,d3,1,d3,1,d3
28472,237.26666666666668,0,d1,0,d1,0,d1,1,d3,1,d3,1,d3
28480,237.33333333333334,0,d1,0,d1,0,d1,1,d3,1,d3,1,d3
28488,237.4,0,d1,0,d1,0,d1,1,d3,1,d3,1,d3
28496,237.46666666666667,0,d1,0,d1,0,d1,1,d3,1,d3,1,d3
28504,237.53333333333333,0,d1,0,d1,0,d1,1,d3,1,d3,1,d3
28512,237.6,0,d1,0,d1,0,d1,1,d3,1,d3,1,d3
28520,237.66666666666666,0,d1,0,d1,0,d1,1,d3,1,d3,1,d3
28528,237.73333333333332,0,d1,0,d1,0,d1,1,d3,1,d3,1,d3
28536,237.8,0,d1,0,d1,0,d1,1,d3,1,d3,1,d3
28544,237.86666666666667,0,d1,0,d1,0,d1,1,d3,1,d3,1,d3
28552,237.93333333333334,0,d1,0,d1,0,d1,1,d3,1,d3,1,d3
28560,238.0,0,d1,0,d1,0,d1,1,d3,1,d3,1,d3
28568,238.06666666666666,0,d1,0,d1,0,d1,1,d3,1,d3,1,d3
28576,238.13333333333333,0,d1,0,d1,0,d1,1,d3,1,d3,1,d3
28584,238.2,0,d1,0,d1,0,d1,1,d3,1,d3,1,d3
28592,238.26666666666668,0,d1,0,d1,0,d1,1,d3,1,d3,1,d3
28600,238.33333333333334,0,d1,0,d1,0,d1,1,d3,1,d3,1,d3
28608,238.4,0,d1,0,d1,0,d1,1,d3,1,d3,1,d3
28616,238.46666666666667,0,d1,0,d1,0,d1,1,d3,1,d3,1,d3
28624,238.53333333333333,0,d1,0,d1,0,d1,1,d3,1,d3,1,d3
28632,238.6,0,d1,0,d1,0,d1,1,d3,1,d3,1,d3
28640,238.66666666666666,0,d1,0,d1,0,d1,1,d3,1,d3,1,d3
28648,238.73333333333332,0,d1,0,d1,0,d1,1,d3,1,d3,1,d3
28656,238.8,0,d1,0,d1,0,d1,1,d3,1,d3,1,d3
28664,238.86666666666667,0,d1,0,d1,0,d1,1,d3,1,d3,1,d3
28672,238.93333333333334,0,d1,0,d1,0,d1,1,d3,1,d3,1,d3
28680,239.0,0,d1,0,d1,0,d1,1,d3,1,d3,1,d3
28688,239.06666666666666,0,d1,0,d1,0,d1,1,d3,1,d3,1,d3
28696,239.13333333333333,0,d1,0,d1,0,d1,1,d3,1,d3,1,d3
28704,239.2,0,d1,0,d1,0,d1,1,d3,1,d3,1,d3
28712,239.26666666666668,0,d1,0,d1,0,d1,1,d3,1,d3,1,d3
28720,239.33333333333334,0,d1,0,d1,0,d1,1,d3,1,d3,1,d3
28728,239.4,0,d1,0,d1,0,d1,1,d3,1,d3,1,d3
28736,239.46666666666667,0,d1,0,d1,0,d1,1,d3,1,d3,1,d3
28744,239.53333333333333,0,d1,0,d1,0,d1,1,d3,1,d3,1,d3
28752,239.6,0,d1,0,d1,0,d1,1,d3,1,d3,1,d3
28760,239.66666666666666,0,d1,0,d1,0,d1,1,d3,1,d3,1,d3
28768,239.73333333333332,0,d1,0,d1,0,d1,1,d3,1,d3,1,d3
28776,239.8,0,d1,0,d1,0,d1,1,d3,1,d3,1,d3
28784,239.86666666666667,0,d1,0,d1,0,d1,1,d3,1,d3,1,d3
28792,239.93333333333334,0,d1,0,d1,0,d1,1,d3,1,d3,1,d3
28800,240.0,0,d1,0,d1,0,d1,1,d3,1,d3,1,d3
28808,240.06666666666666,0,d1,0,d1,0,d1,1,d3,1,d3,1,d3
28816,240.13333333333333,0,d1,0,d1,0,d1,1,d3,1,d3,1,d3
28824,240.2,0,d1,0,d1,0,d1,1,d3,1,d3,1,d3
28832,240.26666666666668,0,d1,0,d1,0,d1,1,d3,1,d3,1,d3
28840,240.33333333333334,0,d1,0,d1,0,d1,1,d3,1,d3,1,d3
28848,240.4,0,d1,0,d1,0,d1,1,d3,1,d3,1,d3
28856,240.46666666666667,0,d1,0,d1,0,d1,1,d3,1,d3,1,d3
28864,240.53333333333333,0,d1,0,d1,0,d1,1,d3,1,d3,1,d3
28872,240.6,0,d1,0,d1,0,d1,1,d3,1,d3,1,d3
28880,240.66666666666666,0,d1,0,d1,0,d1,1,d3,1,d3,1,d3
28888,240.73333333333332,0,d1,0,d1,0,d1,1,d3,1,d3,1,d3
28896,240.8,0,d1,0,d1,0,d1,1,d3,1,d3,1,d3
28904,240.86666666666667,0,d1,0,d1,0,d1,1,d3,1,d3,1,d3
28912,240.93333333333334,0,d1,0,d1,0,d1,1,d3,1,d3,1,d3
28920,241.0,0,d1,0,d1,0,d1,1,d3,1,d3,1,d3
28928,241.06666666666666,0,d1,0,d1,0,d1,1,d3,1,d3,1,d3
28936,241.13333333333333,0,d1,0,d1,0,d1,1,d3,1,d3,1,d3
28944,241.2,0,d1,0,d1,0,d1,1,d3,1,d3,1,d3
28952,241.26666666666668,0,d1,0,d1,0,d1,1,d3,1,d3,1,d3
28960,241.33333333333334,0,d1,0,d1,0,d1,1,d3,1,d3,1,d3
28968,241.4,0,d1,0,d1,0,d1,1,d3,1,d3,1,d3
28976,241.46666666666667,0,d1,0,d1,0,d1,1,d3,1,d3,1,d3
28984,241.53333333333333,0,d1,0,d1,0,d1,1,d3,1,d3,1,d3
28992,241.6,0,d1,0,d1,0,d1,1,d3,1,d3,1,d3
29000,241.66666666666666,0,d1,0,d1,0,d1,1,d3,1,d3,1,d3
29008,241.73333333333332,0,d1,0,d1,0,d1,1,d3,1,d3,1,d3
29016,241.8,0,d1,0,d1,0,d1,1,d3,1,d3,1,d3
29024,241.86666666666667,0,d1,0,d1,0,d1,1,d3,1,d3,1,d3
29032,241.93333333333334,0,d1,0,d1,0,d1,1,d3,1,d3,1,d3
29040,242.0,0,d1,0,d1,0,d1,1,d3,1,d3,1,d3
29048,242.06666666666666,0,d1,0,d1,0,d1,1,d3,1,d3,1,d3
29056,242.13333333333333,0,d1,0,d1,0,d1,1,d3,1,d3,1,d3
29064,242.2,0,d1,0,d1,0,d1,1,d3,1,d3,1,d3
29072,242.26666666666668,0,d1,0,d1,0,d1,1,d3,1,d3,1,d3
29080,242.33333333333334,0,d1,0,d1,0,d1,1,d3,1,d3,1,d3
29088,242.4,0,d1,0,d1,0,d1,1,d3,1,d3,1,d3
29096,242.46666666666667,0,d1,0,d1,0,d1,1,d3,1,d3,1,d3
29104,242.53333333333333,0,d1,0,d1,0,d1,1,d3,1,d3,1,d3
29112,242.6,0,d1,0,d1,0,d1,1,d3,1,d3,1,d3
29120,242.66666666666666,0,d1,0,d1,0,d1,1,d3,1,d3,1,d3
29128,242.73333333333332,0,d1,0,d1,0,d1,1,d3,1,d3,1,d3
29136,242.8,0,d1,0,d1,0,d1,1,d3,1,d3,1,d3
29144,242.86666666666667,0,d1,0,d1,0,d1,1,d3,1,d3,1,d3
29152,242.93333333333334,0,d1,0,d1,0,d1,1,d3,1,d3,1,d3
29160,243.0,0,d1,0,d1,0,d1,1,d3,1,d3,1,d3
29168,243.06666666666666,0,d1,0,d1,0,d1,1,d3,1,d3,1,d3
29176,243.13333333333333,0,d1,0,d1,0,d1,1,d3,1,d3,1,d3
29184,243.2,0,d1,0,d1,0,d1,1,d3,1,d3,1,d3
29192,243.26666666666668,0,d1,0,d1,0,d1,1,d3,1,d3,1,d3
29200,243.33333333333334,0,d1,0,d1,0,d1,1,d3,1,d3,1,d3
29208,243.4,0,d1,0,d1,0,d1,1,d3,1,d3,1,d3
29216,243.46666666666667,0,d1,0,d1,0,d1,1,d3,1,d3,1,d3
29224,243.53333333333333,0,d1,0,d1,0,d1,1,d3,1,d3,1,d3
29232,243.6,0,d1,0,d1,0,d1,1,d3,1,d3,1,d3
29240,243.66666666666666,0,d1,0,d1,0,d1,1,d3,1,d3,1,d3
29248,243.73333333333332,0,d1,0,d1,0,d1,1,d3,1,d3,1,d3
29256,243.8,0,d1,0,d1,0,d1,1,d3,1,d3,1,d3
29264,243.86666666666667,0,d1,0,d1,0,d1,1,d3,1,d3,1,d3
29272,243.93333333333334,0,d1,0,d1,0,d1,1,d3,1,d3,1,d3
29280,244.0,0,d1,0,d1,0,d1,1,d3,1,d3,1,d3
29288,244.06666666666666,0,d1,0,d1,0,d1,1,d3,1,d3,1,d3
29296,244.13333333333333,0,d1,0,d1,0,d1,1,d3,1,d3,1,d3
29304,244.2,0,d1,0,d1,0,d1,1,d3,1,d3,1,d3
29312,244.26666666666668,0,d1,0,d1,0,d1,1,d3,1,d3,1,d3
29320,244.33333333333334,0,d1,0,d1,0,d1,1,d3,1,d3,1,d3
29328,244.4,0,d1,0,d1,0,d1,1,d3,1,d3,1,d3
29336,244.46666666666667,0,d1,0,d1,0,d1,1,d3,1,d3,1,d3
29344,244.53333333333333,0,d1,0,d1,0,d1,1,d3,1,d3,1,d3
29352,244.6,0,d1,0,d1,0,d1,1,d3,1,d3,1,d3
29360,244.66666666666666,0,d1,0,d1,0,d1,1,d3,1,d3,1,d3
29368,244.73333333333332,0,d1,0,d1,0,d1,1,d3,1,d3,1,d3
29376,244.8,0,d1,0,d1,0,d1,1,d3,1,d3,1,d3
29384,244.86666666666667,0,d1,0,d1,0,d1,1,d3,1,d3,1,d3
29392,244.93333333333334,0,d1,0,d1,0,d1,1,d3,1,d3,1,d3
29400,245.0,0,d1,0,d1,0,d1,1,d3,1,d3,1,d3
29408,245.06666666666666,0,d1,0,d1,0,d1,1,d3,1,d3,1,d3
29416,245.13333333333333,0,d1,0,d1,0,d1,1,d3,1,d3,1,d3
29424,245.2,0,d1,0,d1,0,d1,1,d3,1,d3,1,d3
29432,245.26666666666668,0,d1,0,d1,0,d1,1,d3,1,d3,1,d3
29440,245.33333333333334,0,d1,0,d1,0,d1,1,d3,1,d3,1,d3
29448,245.4,0,d1,0,d1,0,d1,1,d3,1,d3,1,d3
29456,245.46666666666667,0,d1,0,d1,0,d1,1,d3,1,d3,1,d3
29464,245.53333333333333,0,d1,0,d1,0,d1,1,d3,1,d3,1,d3
29472,245.6,0,d1,0,d1,0,d1,1,d3,1,d3,1,d3
29480,245.66666666666666,0,d1,0,d1,0,d1,1,d3,1,d3,1,d3
29488,245.73333333333332,0,d1,0,d1,0,d1,1,d3,1,d3,1,d3
29496,245.8,0,d1,0,d1,0,d1,1,d3,1,d3,1,d3
29504,245.86666666666667,0,d1,0,d1,0,d1,1,d3,1,d3,1,d3
29512,245.93333333333334,0,d1,0,d1,0,d1,1,d3,1,d3,1,d3
29520,246.0,0,d1,0,d1,0,d1,1,d3,1,d3,1,d3
29528,246.06666666666666,0,d1,0,d1,0,d1,1,d3,1,d3,1,d3
29536,246.13333333333333,0,d1,0,d1,0,d1,1,d3,1,d3,1,d3
29544,246.2,0,d1,0,d1,0,d1,1,d3,1,d3,1,d3
29552,246.26666666666668,0,d1,0,d1,0,d1,1,d3,1,d3,1,d3
29560,246.33333333333334,0,d1,0,d1,0,d1,1,d3,1,d3,1,d3
29568,246.4,0,d1,0,d1,0,d1,1,d3,1,d3,1,d3
29576,246.46666666666667,0,d1,0,d1,0,d1,1,d3,1,d3,1,d3
29584,246.53333333333333,0,d1,0,d1,0,d1,1,d3,1,d3,1,d3
29592,246.6,0,d1,0,d1,0,d1,1,d3,1,d3,1,d3
29600,246.66666666666666,0,d1,0,d1,0,d1,1,d3,1,d3,1,d3
29608,246.73333333333332,0,d1,0,d1,0,d1,1,d3,1,d3,1,d3
29616,246.8,0,d1,0,d1,0,d1,1,d3,1,d3,1,d3
29624,246.86666666666667,0,d1,0,d1,0,d1,1,d3,1,d3,1,d3
29632,246.93333333333334,0,d1,0,d1,0,d1,1,d3,1,d3,1,d3
29640,247.0,0,d1,0,d1,0,d1,1,d3,1,d3,1,d3
29648,247.06666666666666,0,d1,0,d1,0,d1,1,d3,1,d3,1,d3
29656,247.13333333333333,0,d1,0,d1,0,d1,1,d3,1,d3,1,d3
29664,247.2,0,d1,0,d1,0,d1,1,d3,1,d3,1,d3
29672,247.26666666666668,0,d1,0,d1,0,d1,1,d3,1,d3,1,d3
29680,247.33333333333334,0,d1,0,d1,0,d1,1,d3,1,d3,1,d3
29688,247.4,0,d1,0,d1,0,d1,1,d3,1,d3,1,d3
29696,247.46666666666667,0,d1,0,d1,0,d1,1,d3,1,d3,1,d3
29704,247.53333333333333,0,d1,0,d1,0,d1,1,d3,1,d3,1,d3
29712,247.6,0,d1,0,d1,0,d1,1,d3,1,d3,1,d3
29720,247.66666666666666,0,d1,0,d1,0,d1,1,d3,1,d3,1,d3
29728,247.73333333333332,0,d1,0,d1,0,d1,1,d3,1,d3,1,d3
29736,247.8,0,d1,0,d1,0,d1,1,d3,1,d3,1,d3
29744,247.86666666666667,0,d1,0,d1,0,d1,1,d3,1,d3,1,d3
29752,247.93333333333334,0,d1,0,d1,0,d1,1,d3,1,d3,1,d3
29760,248.0,0,d1,0,d1,0,d1,1,d3,1,d3,1,d3
29768,248.06666666666666,0,d1,0,d1,0,d1,1,d3,1,d3,1,d3
29776,248.13333333333333,0,d1,0,d1,0,d1,1,d3,1,d3,1,d3
29784,248.2,0,d1,0,d1,0,d1,1,d3,1,d3,1,d3
29792,248.26666666666668,0,d1,0,d1,0,d1,1,d3,1,d3,1,d3
29800,248.33333333333334,0,d1,0,d1,0,d1,1,d3,1,d3,1,d3
29808,248.4,0,d1,0,d1,0,d1,1,d3,1,d3,1,d3
29816,248.46666666666667,0,d1,0,d1,0,d1,1,d3,1,d3,1,d3
29824,248.53333333333333,0,d1,0,d1,0,d1,1,d3,1,d3,1,d3
29832,248.6,0,d1,0,d1,0,d1,1,d3,1,d3,1,d3
29840,248.66666666666666,0,d1,0,d1,0,d1,1,d3,1,d3,1,d3
29848,248.73333333333332,0,d1,0,d1,0,d1,1,d3,1,d3,1,d3
29856,248.8,0,d1,0,d1,0,d1,1,d3,1,d3,1,d3
29864,248.86666666666667,0,d1,0,d1,0,d1,1,d3,1,d3,1,d3
29872,248.93333333333334,0,d1,0,d1,0,d1,1,d3,1,d3,1,d3
29880,249.0,0,d1,0,d1,0,d1,1,d3,1,d3,1,d3
29888,249.06666666666666,0,d1,0,d1,0,d1,1,d3,1,d3,1,d3
29896,249.13333333333333,0,d1,0,d1,0,d1,1,d3,1,d3,1,d3
29904,249.2,0,d1,0,d1,0,d1,1,d3,1,d3,1,d3
29912,249.26666666666668,0,d1,0,d1,0,d1,1,d3,1,d3,1,d3
29920,249.33333333333334,0,d1,0,d1,0,d1,1,d3,1,d3,1,d3
29928,249.4,0,d1,0,d1,0,d1,1,d3,1,d3,1,d3
29936,249.46666666666667,0,d1,0,d1,0,d1,1,d3,1,d3,1,d3
29944,249.53333333333333,0,d1,0,d1,0,d1,1,d3,1,d3,1,d3
29952,249.6,0,d1,0,d1,0,d1,1,d3,1,d3,1,d3
29960,249.66666666666666,0,d1,0,d1,0,d1,1,d3,1,d3,1,d3
29968,249.73333333333332,0,d1,0,d1,0,d1,1,d3,1,d3,1,d3
29976,249.8,0,d1,0,d1,0,d1,1,d3,1,d3,1,d3
29984,249.86666666666667,0,d1,0,d1,0,d1,1,d3,1,d3,1,d3
29992,249.93333333333334,0,d1,0,d1,0,d1,1,d3,1,d3,1,d3
30000,250.0,0,d1,0,d1,0,d1,1,d3,1,d3,1,d3
30008,250.06666666666666,0,d1,0,d1,0,d1,1,d3,1,d3,1,d3
30016,250.13333333333333,0,d1,0,d1,0,d1,1,d3,1,d3,1,d3
30024,250.2,0,d1,0,d1,0,d1,1,d3,1,d3,1,d3
30032,250.26666666666668,0,d1,0,d1,0,d1,1,d3,1,d3,1,d3
30040,250.33333333333334,0,d1,0,d1,0,d1,1,d3,1,d3,1,d3
30048,250.4,0,d1,0,d1,0,d1,1,d3,1,d3,1,d3
30056,250.46666666666667,0,d1,0,d1,0,d1,1,d3,1,d3,1,d3
30064,250.53333333333333,0,d1,0,d1,0,d1,1,d3,1,d3,1,d3
30072,250.6,0,d1,0,d1,0,d1,1,d3,1,d3,1,d3
30080,250.66666666666666,0,d1,0,d1,0,d1,1,d3,1,d3,1,d3
30088,250.73333333333332,0,d1,0,d1,0,d1,1,d3,1,d3,1,d3
30096,250.8,0,d1,0,d1,0,d1,1,d3,1,d3,1,d3
30104,250.86666666666667,0,d1,0,d1,0,d1,1,d3,1,d3,1,d3
30112,250.93333333333334,0,d1,0,d1,0,d1,1,d3,1,d3,1,d3
30120,251.0,0,d1,0,d1,0,d1,1,d3,1,d3,1,d3
30128,251.06666666666666,0,d1,0,d1,0,d1,1,d3,1,d3,1,d3
30136,251.13333333333333,0,d1,0,d1,0,d1,1,d3,1,d3,1,d3
30144,251.2,0,d1,0,d1,0,d1,1,d3,1,d3,1,d3
30152,251.26666666666668,0,d1,0,d1,0,d1,1,d3,1,d3,1,d3
30160,251.33333333333334,0,d1,0,d1,0,d1,1,d3,1,d3,1,d3
30168,251.4,0,d1,0,d1,0,d1,1,d3,1,d3,1,d3
30176,251.46666666666667,0,d1,0,d1,0,d1,1,d3,1,d3,1,d3
30184,251.53333333333333,0,d1,0,d1,0,d1,1,d3,1,d3,1,d3
30192,251.6,0,d1,0,d1,0,d1,1,d3,1,d3,1,d3
30200,251.66666666666666,0,d1,0,d1,0,d1,1,d3,1,d3,1,d3
30208,251.73333333333332,0,d1,0,d1,0,d1,1,d3,1,d3,1,d3
30216,251.8,0,d1,0,d1,0,d1,1,d3,1,d3,1,d3
30224,251.86666666666667,0,d1,0,d1,0,d1,1,d3,1,d3,1,d3
30232,251.93333333333334,0,d1,0,d1,0,d1,1,d3,1,d3,1,d3
30240,252.0,0,d1,0,d1,0,d1,1,d3,1,d3,1,d3
30248,252.06666666666666,0,d1,0,d1,0,d1,1,d3,1,d3,1,d3
30256,252.13333333333333,0,d1,0,d1,0,d1,1,d3,1,d3,1,d3
30264,252.2,0,d1,0,d1,0,d1,1,d3,1,d3,1,d3
30272,252.26666666666668,0,d1,0,d1,0,d1,1,d3,1,d3,1,d3
30280,252.33333333333334,0,d1,0,d1,0,d1,1,d3,1,d3,1,d3
30288,252.4,0,d1,0,d1,0,d1,1,d3,1,d3,1,d3
30296,252.46666666666667,0,d1,0,d1,0,d1,1,d3,1,d3,1,d3
30304,252.53333333333333,0,d1,0,d1,0,d1,1,d3,1,d3,1,d3
30312,252.6,0,d1,0,d1,0,d1,1,d3,1,d3,1,d3
30320,252.66666666666666,0,d1,0,d1,0,d1,1,d3,1,d3,1,d3
30328,252.73333333333332,0,d1,0,d1,0,d1,1,d3,1,d3,1,d3
30336,252.8,0,d1,0,d1,0,d1,1,d3,1,d3,1,d3
30344,252.86666666666667,0,d1,0,d1,0,d1,1,d3,1,d3,1,d3
30352,252.93333333333334,0,d1,0,d1,0,d1,1,d3,1,d3,1,d3
30360,253.0,0,d1,0,d1,0,d1,1,d3,1,d3,1,d3
30368,253.06666666666666,0,d1,0,d1,0,d1,1,d3,1,d3,1,d3
30376,253.13333333333333,0,d1,0,d1,0,d1,1,d3,1,d3,1,d3
30384,253.2,0,d1,0,d1,0,d1,1,d3,1,d3,1,d3
30392,253.26666666666668,0,d1,0,d1,0,d1,1,d3,1,d3,1,d3
30400,253.33333333333334,0,d1,0,d1,0,d1,1,d3,1,d3,1,d3
30408,253.4,0,d1,0,d1,0,d1,1,d3,1,d3,1,d3
30416,253.46666666666667,0,d1,0,d1,0,d1,1,d3,1,d3,1,d3
30424,253.53333333333333,0,d1,0,d1,0,d1,1,d3,1,d3,1,d3
30432,253.6,0,d1,0,d1,0,d1,1,d3,1,d3,1,d3
30440,253.66666666666666,0,d1,0,d1,0,d1,1,d3,1,d3,1,d3
30448,253.73333333333332,0,d1,0,d1,0,d1,1,d3,1,d3,1,d3
30456,253.8,0,d1,0,d1,0,d1,1,d3,1,d3,1,d3
30464,253.86666666666667,0,d1,0,d1,0,d1,1,d3,1,d3,1,d3
30472,253.93333333333334,0,d1,0,d1,0,d1,1,d3,1,d3,1,d3
30480,254.0,0,d1,0,d1,0,d1,1,d3,1,d3,1,d3
30488,254.06666666666666,0,d1,0,d1,0,d1,1,d3,1,d3,1,d3
30496,254.13333333333333,0,d1,0,d1,0,d1,1,d3,1,d3,1,d3
30504,254.2,0,d1,0,d1,0,d1,1,d3,1,d3,1,d3
30512,254.26666666666668,0,d1,0,d1,0,d1,1,d3,1,d3,1,d3
30520,254.33333333333334,0,d1,0,d1,0,d1,1,d3,1,d3,1,d3
30528,254.4,0,d1,0,d1,0,d1,1,d3,1,d3,1,d3
30536,254.46666666666667,0,d1,0,d1,0,d1,1,d3,1,d3,1,d3
30544,254.53333333333333,0,d1,0,d1,0,d1,1,d3,1,d3,1,d3
30552,254.6,0,d1,0,d1,0,d1,1,d3,1,d3,1,d3
30560,254.66666666666666,0,d1,0,d1,0,d1,1,d3,1,d3,1,d3
30568,254.73333333333332,0,d1,0,d1,0,d1,1,d3,1,d3,1,d3
30576,254.8,0,d1,0,d1,0,d1,1,d3,1,d3,1,d3
30584,254.86666666666667,0,d1,0,d1,0,d1,1,d3,1,d3,1,d3
30592,254.93333333333334,0,d1,0,d1,0,d1,1,d3,1,d3,1,d3
30600,255.0,0,d1,0,d1,0,d1,1,d3,1,d3,1,d3
30608,255.06666666666666,0,d1,0,d1,0,d1,1,d3,1,d3,1,d3
30616,255.13333333333333,0,d1,0,d1,0,d1,1,d3,1,d3,1,d3
30624,255.2,0,d1,0,d1,0,d1,1,d3,1,d3,1,d3
30632,255.26666666666668,0,d1,0,d1,0,d1,1,d3,1,d3,1,d3
30640,255.33333333333334,0,d1,0,d1,0,d1,1,d3,1,d3,1,d3
30648,255.4,0,d1,0,d1,0,d1,1,d3,1,d3,1,d3
30656,255.46666666666667,0,d1,0,d1,0,d1,1,d3,1,d3,1,d3
30664,255.53333333333333,0,d1,0,d1,0,d1,1,d3,1,d3,1,d3
30672,255.6,0,d1,0,d1,0,d1,1,d3,1,d3,1,d3
30680,255.66666666666666,0,d1,0,d1,0,d1,1,d3,1,d3,1,d3
30688,255.73333333333332,0,d1,0,d1,0,d1,1,d3,1,d3,1,d3
30696,255.8,0,d1,0,d1,0,d1,1,d3,1,d3,1,d3
30704,255.86666666666667,0,d1,0,d1,0,d1,1,d3,1,d3,1,d3
30712,255.93333333333334,0,d1,0,d1,0,d1,1,d3,1,d3,1,d3
30720,256.0,0,d1,0,d1,0,d1,1,d3,1,d3,1,d3
30728,256.06666666666666,0,d1,0,d1,0,d1,1,d3,1,d3,1,d3
30736,256.1333333333333,0,d1,0,d1,0,d1,1,d3,1,d3,1,d3
30744,256.2,0,d1,0,d1,0,d1,1,d3,1,d3,1,d3
30752,256.26666666666665,0,d1,0,d1,0,d1,1,d3,1,d3,1,d3
30760,256.3333333333333,0,d1,0,d1,0,d1,1,d3,1,d3,1,d3
30768,256.4,0,d1,0,d1,0,d1,1,d3,1,d3,1,d3
30776,256.46666666666664,0,d1,0,d1,0,d1,1,d3,1,d3,1,d3
30784,256.53333333333336,0,d1,0,d1,0,d1,1,d3,1,d3,1,d3
30792,256.6,0,d1,0,d1,0,d1,1,d3,1,d3,1,d3
30800,256.6666666666667,0,d1,0,d1,0,d1,1,d3,1,d3,1,d3
30808,256.73333333333335,0,d1,0,d1,0,d1,1,d3,1,d3,1,d3
30816,256.8,0,d1,0,d1,0,d1,1,d3,1,d3,1,d3
30824,256.8666666666667,0,d1,0,d1,0,d1,1,d3,1,d3,1,d3
30832,256.93333333333334,0,d1,0,d1,0,d1,1,d3,1,d3,1,d3
30840,257.0,0,d1,0,d1,0,d1,1,d3,1,d3,1,d3
30848,257.06666666666666,0,d1,0,d1,0,d1,1,d3,1,d3,1,d3
30856,257.1333333333333,0,d1,0,d1,0,d1,1,d3,1,d3,1,d3
30864,257.2,0,d1,0,d1,0,d1,1,d3,1,d3,1,d3
30872,257.26666666666665,0,d1,0,d1,0,d1,1,d3,1,d3,1,d3
30880,257.3333333333333,0,d1,0,d1,0,d1,1,d3,1,d3,1,d3
30888,257.4,0,d1,0,d1,0,d1,1,d3,1,d3,1,d3
30896,257.46666666666664,0,d1,0,d1,0,d1,1,d3,1,d3,1,d3
30904,257.53333333333336,0,d1,0,d1,0,d1,1,d3,1,d3,1,d3
30912,257.6,0,d1,0,d1,0,d1,1,d3,1,d3,1,d3
30920,257.6666666666667,0,d1,0,d1,0,d1,1,d3,1,d3,1,d3
30928,257.73333333333335,0,d1,0,d1,0,d1,1,d3,1,d3,1,d3
30936,257.8,0,d1,0,d1,0,d1,1,d3,1,d3,1,d3
30944,257.8666666666667,0,d1,0,d1,0,d1,1,d3,1,d3,1,d3
30952,257.93333333333334,0,d1,0,d1,0,d1,1,d3,1,d3,1,d3
30960,258.0,0,d1,0,d1,0,d1,1,d3,1,d3,1,d3
30968,258.06666666666666,0,d1,0,d1,0,d1,1,d3,1,d3,1,d3
30976,258.1333333333333,0,d1,0,d1,0,d1,1,d3,1,d3,1,d3
30984,258.2,0,d1,0,d1,0,d1,1,d3,1,d3,1,d3
30992,258.26666666666665,0,d1,0,d1,0,d1,1,d3,1,d3,1,d3
31000,258.3333333333333,0,d1,0,d1,0,d1,1,d3,1,d3,1,d3
31008,258.4,0,d1,0,d1,0,d1,1,d3,1,d3,1,d3
31016,258.46666666666664,0,d1,0,d1,0,d1,1,d3,1,d3,1,d3
31024,258.53333333333336,0,d1,0,d1,0,d1,1,d3,1,d3,1,d3
31032,258.6,0,d1,0,d1,0,d1,1,d3,1,d3,1,d3
31040,258.6666666666667,0,d1,0,d1,0,d1,1,d3,1,d3,1,d3
31048,258.73333333333335,0,d1,0,d1,0,d1,1,d3,1,d3,1,d3
31056,258.8,0,d1,0,d1,0,d1,1,d3,1,d3,1,d3
31064,258.8666666666667,0,d1,0,d1,0,d1,1,d3,1,d3,1,d3
31072,258.93333333333334,0,d1,0,d1,0,d1,1,d3,1,d3,1,d3
31080,259.0,0,d1,0,d1,0,d1,1,d3,1,d3,1,d3
31088,259.06666666666666,0,d1,0,d1,0,d1,1,d3,1,d3,1,d3
31096,259.1333333333333,0,d1,0,d1,0,d1,1,d3,1,d3,1,d3
31104,259.2,0,d1,0,d1,0,d1,1,d3,1,d3,1,d3
31112,259.26666666666665,0,d1,0,d1,0,d1,1,d3,1,d3,1,d3
31120,259.3333333333333,0,d1,0,d1,0,d1,1,d3,1,d3,1,d3
31128,259.4,0,d1,0,d1,0,d1,1,d3,1,d3,1,d3
31136,259.46666666666664,0,d1,0,d1,0,d1,1,d3,1,d3,1,d3
31144,259.53333333333336,0,d1,0,d1,0,d1,1,d3,1,d3,1,d3
31152,259.6,0,d1,0,d1,0,d1,1,d3,1,d3,1,d3
31160,259.6666666666667,0,d1,0,d1,0,d1,1,d3,1,d3,1,d3
31168,259.73333333333335,0,d1,0,d1,0,d1,1,d3,1,d3,1,d3
31176,259.8,0,d1,0,d1,0,d1,1,d3,1,d3,1,d3
31184,259.8666666666667,0,d1,0,d1,0,d1,1,d3,1,d3,1,d3
31192,259.93333333333334,0,d1,0,d1,0,d1,1,d3,1,d3,1,d3
31200,260.0,0,d1,0,d1,0,d1,1,d3,1,d3,1,d3
31208,260.06666666666666,0,d1,0,d1,0,d1,1,d3,1,d3,1,d3
31216,260.1333333333333,0,d1,0,d1,0,d1,1,d3,1,d3,1,d3
31224,260.2,0,d1,0,d1,0,d1,1,d3,1,d3,1,d3
31232,260.26666666666665,0,d1,0,d1,0,d1,1,d3,1,d3,1,d3
31240,260.3333333333333,0,d1,0,d1,0,d1,1,d3,1,d3,1,d3
31248,260.4,0,d1,0,d1,0,d1,1,d3,1,d3,1,d3
31256,260.46666666666664,0,d1,0,d1,0,d1,1,d3,1,d3,1,d3
31264,260.53333333333336,0,d1,0,d1,0,d1,1,d3,1,d3,1,d3
31272,260.6,0,d1,0,d1,0,d1,1,d3,1,d3,1,d3
31280,260.6666666666667,0,d1,0,d1,0,d1,1,d3,1,d3,1,d3
31288,260.73333333333335,0,d1,0,d1,0,d1,1,d3,1,d3,1,d3
31296,260.8,0,d1,0,d1,0,d1,1,d3,1,d3,1,d3
31304,260.8666666666667,0,d1,0,d1,0,d1,1,d3,1,d3,1,d3
31312,260.93333333333334,0,d1,0,d1,0,d1,1,d3,1,d3,1,d3
31320,261.0,0,d1,0,d1,0,d1,1,d3,1,d3,1,d3
31328,261.06666666666666,0,d1,0,d1,0,d1,1,d3,1,d3,1,d3
31336,261.1333333333333,0,d1,0,d1,0,d1,1,d3,1,d3,1,d3
31344,261.2,0,d1,0,d1,0,d1,1,d3,1,d3,1,d3
31352,261.26666666666665,0,d1,0,d1,0,d1,1,d3,1,d3,1,d3
31360,261.3333333333333,0,d1,0,d1,0,d1,1,d3,1,d3,1,d3
31368,261.4,0,d1,0,d1,0,d1,1,d3,1,d3,1,d3
31376,261.46666666666664,0,d1,0,d1,0,d1,1,d3,1,d3,1,d3
31384,261.53333333333336,0,d1,0,d1,0,d1,1,d3,1,d3,1,d3
31392,261.6,0,d1,0,d1,0,d1,1,d3,1,d3,1,d3
31400,261.6666666666667,0,d1,0,d1,0,d1,1,d3,1,d3,1,d3
31408,261.73333333333335,0,d1,0,d1,0,d1,1,d3,1,d3,1,d3
31416,261.8,0,d1,0,d1,0,d1,1,d3,1,d3,1,d3
31424,261.8666666666667,0,d1,0,d1,0,d1,1,d3,1,d3,1,d3
31432,261.93333333333334,0,d1,0,d1,0,d1,1,d3,1,d3,1,d3
31440,262.0,0,d1,0,d1,0,d1,1,d3,1,d3,1,d3
31448,262.06666666666666,0,d1,0,d1,0,d1,1,d3,1,d3,1,d3
31456,262.1333333333333,0,d1,0,d1,0,d1,1,d3,1,d3,1,d3
31464,262.2,0,d1,0,d1,0,d1,1,d3,1,d3,1,d3
31472,262.26666666666665,0,d1,0,d1,0,d1,1,d3,1,d3,1,d3
31480,262.3333333333333,0,d1,0,d1,0,d1,1,d3,1,d3,1,d3
31488,262.4,0,d1,0,d1,0,d1,1,d3,1,d3,1,d3
31496,262.46666666666664,0,d1,0,d1,0,d1,1,d3,1,d3,1,d3
31504,262.53333333333336,0,d1,0,d1,0,d1,1,d3,1,d3,1,d3
31512,262.6,0,d1,0,d1,0,d1,1,d3,1,d3,1,d3
31520,262.6666666666667,0,d1,0,d1,0,d1,1,d3,1,d3,1,d3
31528,262.73333333333335,0,d1,0,d1,0,d1,1,d3,1,d3,1,d3
31536,262.8,0,d1,0,d1,0,d1,1,d3,1,d3,1,d3
31544,262.8666666666667,0,d1,0,d1,0,d1,1,d3,1,d3,1,d3
31552,262.93333333333334,0,d1,0,d1,0,d1,1,d3,1,d3,1,d3
31560,263.0,0,d1,0,d1,0,d1,1,d3,1,d3,1,d3
31568,263.06666666666666,0,d1,0,d1,0,d1,1,d3,1,d3,1,d3
31576,263.1333333333333,0,d1,0,d1,0,d1,1,d3,1,d3,1,d3
31584,263.2,0,d1,0,d1,0,d1,1,d3,1,d3,1,d3
31592,263.26666666666665,0,d1,0,d1,0,d1,1,d3,1,d3,1,d3
31600,263.3333333333333,0,d1,0,d1,0,d1,1,d3,1,d3,1,d3
31608,263.4,0,d1,0,d1,0,d1,1,d3,1,d3,1,d3
31616,263.46666666666664,0,d1,0,d1,0,d1,1,d3,1,d3,1,d3
31624,263.53333333333336,0,d1,0,d1,0,d1,1,d3,1,d3,1,d3
31632,263.6,0,d1,0,d1,0,d1,1,d3,1,d3,1,d3
31640,263.6666666666667,0,d1,0,d1,0,d1,1,d3,1,d3,1,d3
31648,263.73333333333335,0,d1,0,d1,0,d1,1,d3,1,d3,1,d3
31656,263.8,0,d1,0,d1,0,d1,1,d3,1,d3,1,d3
31664,263.8666666666667,0,d1,0,d1,0,d1,1,d3,1,d3,1,d3
31672,263.93333333333334,0,d1,0,d1,0,d1,1,d3,1,d3,1,d3
31680,264.0,0,d1,0,d1,0,d1,1,d3,1,d3,1,d3
31688,264.06666666666666,0,d1,0,d1,0,d1,1,d3,1,d3,1,d3
31696,264.1333333333333,0,d1,0,d1,0,d1,1,d3,1,d3,1,d3
31704,264.2,0,d1,0,d1,0,d1,1,d3,1,d3,1,d3
31712,264.26666666666665,0,d1,0,d1,0,d1,1,d3,1,d3,1,d3
31720,264.3333333333333,0,d1,0,d1,0,d1,1,d3,1,d3,1,d3
31728,264.4,0,d1,0,d1,0,d1,1,d3,1,d3,1,d3
31736,264.46666666666664,0,d1,0,d1,0,d1,1,d3,1,d3,1,d3
31744,264.53333333333336,0,d1,0,d1,0,d1,1,d3,1,d3,1,d3
31752,264.6,0,d1,0,d1,0,d1,1,d3,1,d3,1,d3
31760,264.6666666666667,0,d1,0,d1,0,d1,1,d3,1,d3,1,d3
31768,264.73333333333335,0,d1,0,d1,0,d1,1,d3,1,d3,1,d3
31776,264.8,0,d1,0,d1,0,d1,1,d3,1,d3,1,d3
31784,264.8666666666667,0,d1,0,d1,0,d1,1,d3,1,d3,1,d3
31792,264.93333333333334,0,d1,0,d1,0,d1,1,d3,1,d3,1,d3
31800,265.0,0,d1,0,d1,0,d1,1,d3,1,d3,1,d3
31808,265.06666666666666,0,d1,0,d1,0,d1,1,d3,1,d3,1,d3
31816,265.1333333333333,0,d1,0,d1,0,d1,1,d3,1,d3,1,d3
31824,265.2,0,d1,0,d1,0,d1,1,d3,1,d3,1,d3
31832,265.26666666666665,0,d1,0,d1,0,d1,1,d3,1,d3,1,d3
31840,265.3333333333333,0,d1,0,d1,0,d1,1,d3,1,d3,1,d3
31848,265.4,0,d1,0,d1,0,d1,1,d3,1,d3,1,d3
31856,265.46666666666664,0,d1,0,d1,0,d1,1,d3,1,d3,1,d3
31864,265.53333333333336,0,d1,0,d1,0,d1,1,d3,1,d3,1,d3
31872,265.6,0,d1,0,d1,0,d1,1,d3,1,d3,1,d3
31880,265.6666666666667,0,d1,0,d1,0,d1,1,d3,1,d3,1,d3
31888,265.73333333333335,0,d1,0,d1,0,d1,1,d3,1,d3,1,d3
31896,265.8,0,d1,0,d1,0,d1,1,d3,1,d3,1,d3
31904,265.8666666666667,0,d1,0,d1,0,d1,1,d3,1,d3,1,d3
31912,265.93333333333334,0,d1,0,d1,0,d1,1,d3,1,d3,1,d3
31920,266.0,0,d1,0,d1,0,d1,1,d3,1,d3,1,d3
31928,266.06666666666666,0,d1,0,d1,0,d1,1,d3,1,d3,1,d3
31936,266.1333333333333,0,d1,0,d1,0,d1,1,d3,1,d3,1,d3
31944,266.2,0,d1,0,d1,0,d1,1,d3,1,d3,1,d3
31952,266.26666666666665,0,d1,0,d1,0,d1,1,d3,1,d3,1,d3
31960,266.3333333333333,0,d1,0,d1,0,d1,1,d3,1,d3,1,d3
31968,266.4,0,d1,0,d1,0,d1,1,d3,1,d3,1,d3
31976,266.46666666666664,0,d1,0,d1,0,d1,1,d3,1,d3,1,d3
31984,266.53333333333336,0,d1,0,d1,0,d1,1,d3,1,d3,1,d3
31992,266.6,0,d1,0,d1,0,d1,1,d3,1,d3,1,d3
32000,266.6666666666667,0,d1,0,d1,0,d1,1,d3,1,d3,1,d3
32008,266.73333333333335,0,d1,0,d1,0,d1,1,d3,1,d3,1,d3
32016,266.8,0,d1,0,d1,0,d1,1,d3,1,d3,1,d3
32024,266.8666666666667,0,d1,0,d1,0,d1,1,d3,1,d3,1,d3
32032,266.93333333333334,0,d1,0,d1,0,d1,1,d3,1,d3,1,d3
32040,267.0,0,d1,0,d1,0,d1,1,d3,1,d3,1,d3
32048,267.06666666666666,0,d1,0,d1,0,d1,1,d3,1,d3,1,d3
32056,267.1333333333333,0,d1,0,d1,0,d1,1,d3,1,d3,1,d3
32064,267.2,0,d1,0,d1,0,d1,1,d3,1,d3,1,d3
32072,267.26666666666665,0,d1,0,d1,0,d1,1,d3,1,d3,1,d3
32080,267.3333333333333,0,d1,0,d1,0,d1,1,d3,1,d3,1,d3
32088,267.4,0,d1,0,d1,0,d1,1,d3,1,d3,1,d3
32096,267.46666666666664,0,d1,0,d1,0,d1,1,d3,1,d3,1,d3
32104,267.53333333333336,0,d1,0,d1,0,d1,1,d3,1,d3,1,d3
32112,267.6,0,d1,0,d1,0,d1,1,d3,1,d3,1,d3
32120,267.6666666666667,0,d1,0,d1,0,d1,1,d3,1,d3,1,d3
32128,267.73333333333335,0,d1,0,d1,0,d1,1,d3,1,d3,1,d3
32136,267.8,0,d1,0,d1,0,d1,1,d3,1,d3,1,d3
32144,267.8666666666667,0,d1,0,d1,0,d1,1,d3,1,d3,1,d3
32152,267.93333333333334,0,d1,0,d1,0,d1,1,d3,1,d3,1,d3
32160,268.0,0,d1,0,d1,0,d1,1,d3,1,d3,1,d3
32168,268.06666666666666,0,d1,0,d1,0,d1,1,d3,1,d3,1,d3
32176,268.1333333333333,0,d1,0,d1,0,d1,1,d3,1,d3,1,d3
32184,268.2,0,d1,0,d1,0,d1,1,d3,1,d3,1,d3
32192,268.26666666666665,0,d1,0,d1,0,d1,1,d3,1,d3,1,d3
32200,268.3333333333333,0,d1,0,d1,0,d1,1,d3,1,d3,1,d3
32208,268.4,0,d1,0,d1,0,d1,1,d3,1,d3,1,d3
32216,268.46666666666664,0,d1,0,d1,0,d1,1,d3,1,d3,1,d3
32224,268.53333333333336,0,d1,0,d1,0,d1,1,d3,1,d3,1,d3
32232,268.6,0,d1,0,d1,0,d1,1,d3,1,d3,1,d3
32240,268.6666666666667,0,d1,0,d1,0,d1,1,d3,1,d3,1,d3
32248,268.73333333333335,0,d1,0,d1,0,d1,1,d3,1,d3,1,d3
32256,268.8,0,d1,0,d1,0,d1,1,d3,1,d3,1,d3
32264,268.8666666666667,0,d1,0,d1,0,d1,1,d3,1,d3,1,d3
32272,268.93333333333334,0,d1,0,d1,0,d1,1,d3,1,d3,1,d3
32280,269.0,0,d1,0,d1,0,d1,1,d3,1,d3,1,d3
32288,269.06666666666666,0,d1,0,d1,0,d1,1,d3,1,d3,1,d3
32296,269.1333333333333,0,d1,0,d1,0,d1,1,d3,1,d3,1,d3
32304,269.2,0,d1,0,d1,0,d1,1,d3,1,d3,1,d3
32312,269.26666666666665,0,d1,0,d1,0,d1,1,d3,1,d3,1,d3
32320,269.3333333333333,0,d1,0,d1,0,d1,1,d3,1,d3,1,d3
32328,269.4,0,d1,0,d1,0,d1,1,d3,1,d3,1,d3
32336,269.46666666666664,0,d1,0,d1,0,d1,1,d3,1,d3,1,d3
32344,269.53333333333336,0,d1,0,d1,0,d1,1,d3,1,d3,1,d3
32352,269.6,0,d1,0,d1,0,d1,1,d3,1,d3,1,d3
32360,269.6666666666667,0,d1,0,d1,0,d1,1,d3,1,d3,1,d3
32368,269.73333333333335,0,d1,0,d1,0,d1,1,d3,1,d3,1,d3
32376,269.8,0,d1,0,d1,0,d1,1,d3,1,d3,1,d3
32384,269.8666666666667,0,d1,0,d1,0,d1,1,d3,1,d3,1,d3
32392,269.93333333333334,0,d1,0,d1,0,d1,1,d3,1,d3,1,d3
32400,270.0,0,d1,0,d1,0,d1,1,d3,1,d3,1,d3
32408,270.06666666666666,0,d1,0,d1,0,d1,1,d3,1,d3,1,d3
32416,270.1333333333333,0,d1,0,d1,0,d1,1,d3,1,d3,1,d3
32424,270.2,0,d1,0,d1,0,d1,1,d3,1,d3,1,d3
32432,270.26666666666665,0,d1,0,d1,0,d1,1,d3,1,d3,1,d3
32440,270.3333333333333,0,d1,0,d1,0,d1,1,d3,1,d3,1,d3
32448,270.4,0,d1,0,d1,0,d1,1,d3,1,d3,1,d3
32456,270.46666666666664,0,d1,0,d1,0,d1,1,d3,1,d3,1,d3
32464,270.53333333333336,0,d1,0,d1,0,d1,1,d3,1,d3,1,d3
32472,270.6,0,d1,0,d1,0,d1,1,d3,1,d3,1,d3
32480,270.6666666666667,0,d1,0,d1,0,d1,1,d3,1,d3,1,d3
32488,270.73333333333335,0,d1,0,d1,0,d1,1,d3,1,d3,1,d3
32496,270.8,0,d1,0,d1,0,d1,1,d3,1,d3,1,d3
32504,270.8666666666667,0,d1,0,d1,0,d1,1,d3,1,d3,1,d3
32512,270.93333333333334,0,d1,0,d1,0,d1,1,d3,1,d3,1,d3
32520,271.0,0,d1,0,d1,0,d1,1,d3,1,d3,1,d3
32528,271.06666666666666,0,d1,0,d1,0,d1,1,d3,1,d3,1,d3
32536,271.1333333333333,0,d1,0,d1,0,d1,1,d3,1,d3,1,d3
32544,271.2,0,d1,0,d1,0,d1,1,d3,1,d3,1,d3
32552,271.26666666666665,0,d1,0,d1,0,d1,1,d3,1,d3,1,d3
32560,271.3333333333333,0,d1,0,d1,0,d1,1,d3,1,d3,1,d3
32568,271.4,0,d1,0,d1,0,d1,1,d3,1,d3,1,d3
32576,271.46666666666664,0,d1,0,d1,0,d1,1,d3,1,d3,1,d3
32584,271.53333333333336,0,d1,0,d1,0,d1,1,d3,1,d3,1,d3
32592,271.6,0,d1,0,d1,0,d1,1,d3,1,d3,1,d3
32600,271.6666666666667,0,d1,0,d1,0,d1,1,d3,1,d3,1,d3
32608,271.73333333333335,0,d1,0,d1,0,d1,1,d3,1,d3,1,d3
32616,271.8,0,d1,0,d1,0,d1,1,d3,1,d3,1,d3
32624,271.8666666666667,0,d1,0,d1,0,d1,1,d3,1,d3,1,d3
32632,271.93333333333334,0,d1,0,d1,0,d1,1,d3,1,d3,1,d3
32640,272.0,0,d1,0,d1,0,d1,1,d3,1,d3,1,d3
32648,272.06666666666666,0,d1,0,d1,0,d1,1,d3,1,d3,1,d3
32656,272.1333333333333,0,d1,0,d1,0,d1,1,d3,1,d3,1,d3
32664,272.2,0,d1,0,d1,0,d1,1,d3,1,d3,1,d3
32672,272.26666666666665,0,d1,0,d1,0,d1,1,d3,1,d3,1,d3
32680,272.3333333333333,0,d1,0,d1,0,d1,1,d3,1,d3,1,d3
32688,272.4,0,d1,0,d1,0,d1,1,d3,1,d3,1,d3
32696,272.46666666666664,0,d1,0,d1,0,d1,1,d3,1,d3,1,d3
32704,272.53333333333336,0,d1,0,d1,0,d1,1,d3,1,d3,1,d3
32712,272.6,0,d1,0,d1,0,d1,1,d3,1,d3,1,d3
32720,272.6666666666667,0,d1,0,d1,0,d1,1,d3,1,d3,1,d3
32728,272.73333333333335,0,d1,0,d1,0,d1,1,d3,1,d3,1,d3
32736,272.8,0,d1,0,d1,0,d1,1,d3,1,d3,1,d3
32744,272.8666666666667,0,d1,0,d1,0,d1,1,d3,1,d3,1,d3
32752,272.93333333333334,0,d1,0,d1,0,d1,1,d3,1,d3,1,d3
32760,273.0,0,d1,0,d1,0,d1,1,d3,1,d3,1,d3
32768,273.06666666666666,0,d1,0,d1,0,d1,1,d3,1,d3,1,d3
32776,273.1333333333333,0,d1,0,d1,0,d1,1,d3,1,d3,1,d3
32784,273.2,0,d1,0,d1,0,d1,1,d3,1,d3,1,d3
32792,273.26666666666665,0,d1,0,d1,0,d1,1,d3,1,d3,1,d3
32800,273.3333333333333,0,d1,0,d1,0,d1,1,d3,1,d3,1,d3
32808,273.4,0,d1,0,d1,0,d1,1,d3,1,d3,1,d3
32816,273.46666666666664,0,d1,0,d1,0,d1,1,d3,1,d3,1,d3
32824,273.53333333333336,0,d1,0,d1,0,d1,1,d3,1,d3,1,d3
32832,273.6,0,d1,0,d1,0,d1,1,d3,1,d3,1,d3
32840,273.6666666666667,0,d1,0,d1,0,d1,1,d3,1,d3,1,d3
32848,273.73333333333335,0,d1,0,d1,0,d1,1,d3,1,d3,1,d3
32856,273.8,0,d1,0,d1,0,d1,1,d3,1,d3,1,d3
32864,273.8666666666667,0,d1,0,d1,0,d1,1,d3,1,d3,1,d3
32872,273.93333333333334,0,d1,0,d1,0,d1,1,d3,1,d3,1,d3
32880,274.0,0,d1,0,d1,0,d1,1,d3,1,d3,1,d3
32888,274.06666666666666,0,d1,0,d1,0,d1,1,d3,1,d3,1,d3
32896,274.1333333333333,0,d1,0,d1,0,d1,1,d3,1,d3,1,d3
32904,274.2,0,d1,0,d1,0,d1,1,d3,1,d3,1,d3
32912,274.26666666666665,0,d1,0,d1,0,d1,1,d3,1,d3,1,d3
32920,274.3333333333333,0,d1,0,d1,0,d1,1,d3,1,d3,1,d3
32928,274.4,0,d1,0,d1,0,d1,1,d3,1,d3,1,d3
32936,274.46666666666664,0,d1,0,d1,0,d1,1,d3,1,d3,1,d3
32944,274.53333333333336,0,d1,0,d1,0,d1,1,d3,1,d3,1,d3
32952,274.6,0,d1,0,d1,0,d1,1,d3,1,d3,1,d3
32960,274.6666666666667,0,d1,0,d1,0,d1,1,d3,1,d3,1,d3
32968,274.73333333333335,0,d1,0,d1,0,d1,1,d3,1,d3,1,d3
32976,274.8,0,d1,0,d1,0,d1,1,d3,1,d3,1,d3
32984,274.8666666666667,0,d1,0,d1,0,d1,1,d3,1,d3,1,d3
32992,274.93333333333334,0,d1,0,d1,0,d1,1,d3,1,d3,1,d3
33000,275.0,0,d1,0,d1,0,d1,1,d3,1,d3,1,d3
33008,275.06666666666666,0,d1,0,d1,0,d1,1,d3,1,d3,1,d3
33016,275.1333333333333,0,d1,0,d1,0,d1,1,d3,1,d3,1,d3
33024,275.2,0,d1,0,d1,0,d1,1,d3,1,d3,1,d3
33032,275.26666666666665,0,d1,0,d1,0,d1,1,d3,1,d3,1,d3
33040,275.3333333333333,0,d1,0,d1,0,d1,1,d3,1,d3,1,d3
33048,275.4,0,d1,0,d1,0,d1,1,d3,1,d3,1,d3
33056,275.46666666666664,0,d1,0,d1,0,d1,1,d3,1,d3,1,d3
33064,275.53333333333336,0,d1,0,d1,0,d1,1,d3,1,d3,1,d3
33072,275.6,0,d1,0,d1,0,d1,1,d3,1,d3,1,d3
33080,275.6666666666667,0,d1,0,d1,0,d1,1,d3,1,d3,1,d3
33088,275.73333333333335,0,d1,0,d1,0,d1,1,d3,1,d3,1,d3
33096,275.8,0,d1,0,d1,0,d1,1,d3,1,d3,1,d3
33104,275.8666666666667,0,d1,0,d1,0,d1,1,d3,1,d3,1,d3
33112,275.93333333333334,0,d1,0,d1,0,d1,1,d3,1,d3,1,d3
33120,276.0,0,d1,0,d1,0,d1,1,d3,1,d3,1,d3
33128,276.06666666666666,0,d1,0,d1,0,d1,1,d3,1,d3,1,d3
33136,276.1333333333333,0,d1,0,d1,0,d1,1,d3,1,d3,1,d3
33144,276.2,0,d1,0,d1,0,d1,1,d3,1,d3,1,d3
33152,276.26666666666665,0,d1,0,d1,0,d1,1,d3,1,d3,1,d3
33160,276.3333333333333,0,d1,0,d1,0,d1,1,d3,1,d3,1,d3
33168,276.4,0,d1,0,d1,0,d1,1,d3,1,d3,1,d3
33176,276.46666666666664,0,d1,0,d1,0,d1,1,d3,1,d3,1,d3
33184,276.53333333333336,0,d1,0,d1,0,d1,1,d3,1,d3,1,d3
33192,276.6,0,d1,0,d1,0,d1,1,d3,1,d3,1,d3
33200,276.6666666666667,0,d1,0,d1,0,d1,1,d3,1,d3,1,d3
33208,276.73333333333335,0,d1,0,d1,0,d1,1,d3,1,d3,1,d3
33216,276.8,0,d1,0,d1,0,d1,1,d3,1,d3,1,d3
33224,276.8666666666667,0,d1,0,d1,0,d1,1,d3,1,d3,1,d3
33232,276.93333333333334,0,d1,0,d1,0,d1,1,d3,1,d3,1,d3
33240,277.0,0,d1,0,d1,0,d1,1,d3,1,d3,1,d3
33248,277.06666666666666,0,d1,0,d1,0,d1,1,d3,1,d3,1,d3
33256,277.1333333333333,0,d1,0,d1,0,d1,1,d3,1,d3,1,d3
33264,277.2,0,d1,0,d1,0,d1,1,d3,1,d3,1,d3
33272,277.26666666666665,0,d1,0,d1,0,d1,1,d3,1,d3,1,d3
33280,277.3333333333333,0,d1,0,d1,0,d1,1,d3,1,d3,1,d3
33288,277.4,0,d1,0,d1,0,d1,1,d3,1,d3,1,d3
33296,277.46666666666664,0,d1,0,d1,0,d1,1,d3,1,d3,1,d3
33304,277.53333333333336,0,d1,0,d1,0,d1,1,d3,1,d3,1,d3
33312,277.6,0,d1,0,d1,0,d1,1,d3,1,d3,1,d3
33320,277.6666666666667,0,d1,0,d1,0,d1,1,d3,1,d3,1,d3
33328,277.73333333333335,0,d1,0,d1,0,d1,1,d3,1,d3,1,d3
33336,277.8,0,d1,0,d1,0,d1,1,d3,1,d3,1,d3
33344,277.8666666666667,0,d1,0,d1,0,d1,1,d3,1,d3,1,d3
33352,277.93333333333334,0,d1,0,d1,0,d1,1,d3,1,d3,1,d3
33360,278.0,0,d1,0,d1,0,d1,1,d3,1,d3,1,d3
33368,278.06666666666666,0,d1,0,d1,0,d1,1,d3,1,d3,1,d3
33376,278.1333333333333,0,d1,0,d1,0,d1,1,d3,1,d3,1,d3
33384,278.2,0,d1,0,d1,0,d1,1,d3,1,d3,1,d3
33392,278.26666666666665,0,d1,0,d1,0,d1,1,d3,1,d3,1,d3
33400,278.3333333333333,0,d1,0,d1,0,d1,1,d3,1,d3,1,d3
33408,278.4,0,d1,0,d1,0,d1,1,d3,1,d3,1,d3
33416,278.46666666666664,0,d1,0,d1,0,d1,1,d3,1,d3,1,d3
33424,278.53333333333336,0,d1,0,d1,0,d1,1,d3,1,d3,1,d3
33432,278.6,0,d1,0,d1,0,d1,1,d3,1,d3,1,d3
33440,278.6666666666667,0,d1,0,d1,0,d1,1,d3,1,d3,1,d3
33448,278.73333333333335,0,d1,0,d1,0,d1,1,d3,1,d3,1,d3
33456,278.8,0,d1,0,d1,0,d1,1,d3,1,d3,1,d3
33464,278.8666666666667,0,d1,0,d1,0,d1,1,d3,1,d3,1,d3
33472,278.93333333333334,0,d1,0,d1,0,d1,1,d3,1,d3,1,d3
33480,279.0,0,d1,0,d1,0,d1,1,d3,1,d3,1,d3
33488,279.06666666666666,0,d1,0,d1,0,d1,1,d3,1,d3,1,d3
33496,279.1333333333333,0,d1,0,d1,0,d1,1,d3,1,d3,1,d3
33504,279.2,0,d1,0,d1,0,d1,1,d3,1,d3,1,d3
33512,279.26666666666665,0,d1,0,d1,0,d1,1,d3,1,d3,1,d3
33520,279.3333333333333,0,d1,0,d1,0,d1,1,d3,1,d3,1,d3
33528,279.4,0,d1,0,d1,0,d1,1,d3,1,d3,1,d3
33536,279.46666666666664,0,d1,0,d1,0,d1,1,d3,1,d3,1,d3
33544,279.53333333333336,0,d1,0,d1,0,d1,1,d3,1,d3,1,d3
33552,279.6,0,d1,0,d1,0,d1,1,d3,1,d3,1,d3
33560,279.6666666666667,0,d1,0,d1,0,d1,1,d3,1,d3,1,d3
33568,279.73333333333335,0,d1,0,d1,0,d1,1,d3,1,d3,1,d3
33576,279.8,0,d1,0,d1,0,d1,1,d3,1,d3,1,d3
33584,279.8666666666667,0,d1,0,d1,0,d1,1,d3,1,d3,1,d3
33592,279.93333333333334,0,d1,0,d1,0,d1,1,d3,1,d3,1,d3
33600,280.0,0,d1,0,d1,0,d1,1,d3,1,d3,1,d3
33608,280.06666666666666,0,d1,0,d1,0,d1,1,d3,1,d3,1,d3
33616,280.1333333333333,0,d1,0,d1,0,d1,1,d3,1,d3,1,d3
33624,280.2,0,d1,0,d1,0,d1,1,d3,1,d3,1,d3
33632,280.26666666666665,0,d1,0,d1,0,d1,1,d3,1,d3,1,d3
33640,280.3333333333333,0,d1,0,d1,0,d1,1,d3,1,d3,1,d3
33648,280.4,0,d1,0,d1,0,d1,1,d3,1,d3,1,d3
33656,280.46666666666664,0,d1,0,d1,0,d1,1,d3,1,d3,1,d3
33664,280.53333333333336,0,d1,0,d1,0,d1,1,d3,1,d3,1,d3
33672,280.6,0,d1,0,d1,0,d1,1,d3,1,d3,1,d3
33680,280.6666666666667,0,d1,0,d1,0,d1,1,d3,1,d3,1,d3
33688,280.73333333333335,0,d1,0,d1,0,d1,1,d3,1,d3,1,d3
33696,280.8,0,d1,0,d1,0,d1,1,d3,1,d3,1,d3
33704,280.8666666666667,0,d1,0,d1,0,d1,1,d3,1,d3,1,d3
33712,280.93333333333334,0,d1,0,d1,0,d1,1,d3,1,d3,1,d3
33720,281.0,0,d1,0,d1,0,d1,1,d3,1,d3,1,d3
33728,281.06666666666666,0,d1,0,d1,0,d1,1,d3,1,d3,1,d3
33736,281.1333333333333,0,d1,0,d1,0,d1,1,d3,1,d3,1,d3
33744,281.2,0,d1,0,d1,0,d1,1,d3,1,d3,1,d3
33752,281.26666666666665,0,d1,0,d1,0,d1,1,d3,1,d3,1,d3
33760,281.3333333333333,0,d1,0,d1,0,d1,1,d3,1,d3,1,d3
33768,281.4,0,d1,0,d1,0,d1,1,d3,1,d3,1,d3
33776,281.46666666666664,0,d1,0,d1,0,d1,1,d3,1,d3,1,d3
33784,281.53333333333336,0,d1,0,d1,0,d1,1,d3,1,d3,1,d3
33792,281.6,0,d1,0,d1,0,d1,1,d3,1,d3,1,d3
33800,281.6666666666667,0,d1,0,d1,0,d1,1,d3,1,d3,1,d3
33808,281.73333333333335,0,d1,0,d1,0,d1,1,d3,1,d3,1,d3
33816,281.8,0,d1,0,d1,0,d1,1,d3,1,d3,1,d3
33824,281.8666666666667,0,d1,0,d1,0,d1,1,d3,1,d3,1,d3
33832,281.93333333333334,0,d1,0,d1,0,d1,1,d3,1,d3,1,d3
33840,282.0,0,d1,0,d1,0,d1,1,d3,1,d3,1,d3
33848,282.06666666666666,0,d1,0,d1,0,d1,1,d3,1,d3,1,d3
33856,282.1333333333333,0,d1,0,d1,0,d1,1,d3,1,d3,1,d3
33864,282.2,0,d1,0,d1,0,d1,1,d3,1,d3,1,d3
33872,282.26666666666665,0,d1,0,d1,0,d1,1,d3,1,d3,1,d3
33880,282.3333333333333,0,d1,0,d1,0,d1,1,d3,1,d3,1,d3
33888,282.4,0,d1,0,d1,0,d1,1,d3,1,d3,1,d3
33896,282.46666666666664,0,d1,0,d1,0,d1,1,d3,1,d3,1,d3
33904,282.53333333333336,0,d1,0,d1,0,d1,1,d3,1,d3,1,d3
33912,282.6,0,d1,0,d1,0,d1,1,d3,1,d3,1,d3
33920,282.6666666666667,0,d1,0,d1,0,d1,1,d3,1,d3,1,d3
33928,282.73333333333335,0,d1,0,d1,0,d1,1,d3,1,d3,1,d3
33936,282.8,0,d1,0,d1,0,d1,1,d3,1,d3,1,d3
33944,282.8666666666667,0,d1,0,d1,0,d1,1,d3,1,d3,1,d3
33952,282.93333333333334,0,d1,0,d1,0,d1,1,d3,1,d3,1,d3
33960,283.0,0,d1,0,d1,0,d1,1,d3,1,d3,1,d3
33968,283.06666666666666,0,d1,0,d1,0,d1,1,d3,1,d3,1,d3
33976,283.1333333333333,0,d1,0,d1,0,d1,1,d3,1,d3,1,d3
33984,283.2,0,d1,0,d1,0,d1,1,d3,1,d3,1,d3
33992,283.26666666666665,0,d1,0,d1,0,d1,1,d3,1,d3,1,d3
34000,283.3333333333333,0,d1,0,d1,0,d1,1,d3,1,d3,1,d3
34008,283.4,0,d1,0,d1,0,d1,1,d3,1,d3,1,d3
34016,283.46666666666664,0,d1,0,d1,0,d1,1,d3,1,d3,1,d3
34024,283.53333333333336,0,d1,0,d1,0,d1,1,d3,1,d3,1,d3
34032,283.6,0,d1,0,d1,0,d1,1,d3,1,d3,1,d3
34040,283.6666666666667,0,d1,0,d1,0,d1,1,d3,1,d3,1,d3
34048,283.73333333333335,0,d1,0,d1,0,d1,1,d3,1,d3,1,d3
34056,283.8,0,d1,0,d1,0,d1,1,d3,1,d3,1,d3
34064,283.8666666666667,0,d1,0,d1,0,d1,1,d3,1,d3,1,d3
34072,283.93333333333334,0,d1,0,d1,0,d1,1,d3,1,d3,1,d3
34080,284.0,0,d1,0,d1,0,d1,1,d3,1,d3,1,d3
34088,284.06666666666666,0,d1,0,d1,0,d1,1,d3,1,d3,1,d3
34096,284.1333333333333,0,d1,0,d1,0,d1,1,d3,1,d3,1,d3
34104,284.2,0,d1,0,d1,0,d1,1,d3,1,d3,1,d3
34112,284.26666666666665,0,d1,0,d1,0,d1,1,d3,1,d3,1,d3
34120,284.3333333333333,0,d1,0,d1,0,d1,1,d3,1,d3,1,d3
34128,284.4,0,d1,0,d1,0,d1,1,d3,1,d3,1,d3
34136,284.46666666666664,0,d1,0,d1,0,d1,1,d3,1,d3,1,d3
34144,284.53333333333336,0,d1,0,d1,0,d1,1,d3,1,d3,1,d3
34152,284.6,0,d1,0,d1,0,d1,1,d3,1,d3,1,d3
34160,284.6666666666667,0,d1,0,d1,0,d1,1,d3,1,d3,1,d3
34168,284.73333333333335,0,d1,0,d1,0,d1,1,d3,1,d3,1,d3
34176,284.8,0,d1,0,d1,0,d1,1,d3,1,d3,1,d3
34184,284.8666666666667,0,d1,0,d1,0,d1,1,d3,1,d3,1,d3
34192,284.93333333333334,0,d1,0,d1,0,d1,1,d3,1,d3,1,d3
34200,285.0,0,d1,0,d1,0,d1,1,d3,1,d3,1,d3
34208,285.06666666666666,0,d1,0,d1,0,d1,1,d3,1,d3,1,d3
34216,285.1333333333333,0,d1,0,d1,0,d1,1,d3,1,d3,1,d3
34224,285.2,0,d1,0,d1,0,d1,1,d3,1,d3,1,d3
34232,285.26666666666665,0,d1,0,d1,0,d1,1,d3,1,d3,1,d3
34240,285.3333333333333,0,d1,0,d1,0,d1,1,d3,1,d3,1,d3
34248,285.4,0,d1,0,d1,0,d1,1,d3,1,d3,1,d3
34256,285.46666666666664,0,d1,0,d1,0,d1,1,d3,1,d3,1,d3
34264,285.53333333333336,0,d1,0,d1,0,d1,1,d3,1,d3,1,d3
34272,285.6,0,d1,0,d1,0,d1,1,d3,1,d3,1,d3
34280,285.6666666666667,0,d1,0,d1,0,d1,1,d3,1,d3,1,d3
34288,285.73333333333335,0,d1,0,d1,0,d1,1,d3,1,d3,1,d3
34296,285.8,0,d1,0,d1,0,d1,1,d3,1,d3,1,d3
34304,285.8666666666667,0,d1,0,d1,0,d1,1,d3,1,d3,1,d3
34312,285.93333333333334,0,d1,0,d1,0,d1,1,d3,1,d3,1,d3
34320,286.0,0,d1,0,d1,0,d1,1,d3,1,d3,1,d3
34328,286.06666666666666,0,d1,0,d1,0,d1,1,d3,1,d3,1,d3
34336,286.1333333333333,0,d1,0,d1,0,d1,1,d3,1,d3,1,d3
34344,286.2,0,d1,0,d1,0,d1,1,d3,1,d3,1,d3
34352,286.26666666666665,0,d1,0,d1,0,d1,1,d3,1,d3,1,d3
34360,286.3333333333333,0,d1,0,d1,0,d1,1,d3,1,d3,1,d3
34368,286.4,0,d1,0,d1,0,d1,1,d3,1,d3,1,d3
34376,286.46666666666664,0,d1,0,d1,0,d1,1,d3,1,d3,1,d3
34384,286.53333333333336,0,d1,0,d1,0,d1,1,d3,1,d3,1,d3
34392,286.6,0,d1,0,d1,0,d1,1,d3,1,d3,1,d3
34400,286.6666666666667,0,d1,0,d1,0,d1,1,d3,1,d3,1,d3
34408,286.73333333333335,0,d1,0,d1,0,d1,1,d3,1,d3,1,d3
34416,286.8,0,d1,0,d1,0,d1,1,d3,1,d3,1,d3
34424,286.8666666666667,0,d1,0,d1,0,d1,1,d3,1,d3,1,d3
34432,286.93333333333334,0,d1,0,d1,0,d1,1,d3,1,d3,1,d3
34440,287.0,0,d1,0,d1,0,d1,1,d3,1,d3,1,d3
34448,287.06666666666666,0,d1,0,d1,0,d1,1,d3,1,d3,1,d3
34456,287.1333333333333,0,d1,0,d1,0,d1,1,d3,1,d3,1,d3
34464,287.2,0,d1,0,d1,0,d1,1,d3,1,d3,1,d3
34472,287.26666666666665,0,d1,0,d1,0,d1,1,d3,1,d3,1,d3
34480,287.3333333333333,0,d1,0,d1,0,d1,1,d3,1,d3,1,d3
34488,287.4,0,d1,0,d1,0,d1,1,d3,1,d3,1,d3
34496,287.46666666666664,0,d1,0,d1,0,d1,1,d3,1,d3,1,d3
34504,287.53333333333336,0,d1,0,d1,0,d1,1,d3,1,d3,1,d3
34512,287.6,0,d1,0,d1,0,d1,1,d3,1,d3,1,d3
34520,287.6666666666667,0,d1,0,d1,0,d1,1,d3,1,d3,1,d3
34528,287.73333333333335,0,d1,0,d1,0,d1,1,d3,1,d3,1,d3
34536,287.8,0,d1,0,d1,0,d1,1,d3,1,d3,1,d3
34544,287.8666666666667,0,d1,0,d1,0,d1,1,d3,1,d3,1,d3
34552,287.93333333333334,0,d1,0,d1,0,d1,1,d3,1,d3,1,d3
34560,288.0,0,d1,0,d1,0,d1,1,d3,1,d3,1,d3
34568,288.06666666666666,0,d1,0,d1,0,d1,1,d3,1,d3,1,d3
34576,288.1333333333333,0,d1,0,d1,0,d1,1,d3,1,d3,1,d3
34584,288.2,0,d1,0,d1,0,d1,1,d3,1,d3,1,d3
34592,288.26666666666665,0,d1,0,d1,0,d1,1,d3,1,d3,1,d3
34600,288.3333333333333,0,d1,0,d1,0,d1,1,d3,1,d3,1,d3
34608,288.4,0,d1,0,d1,0,d1,1,d3,1,d3,1,d3
34616,288.46666666666664,0,d1,0,d1,0,d1,1,d3,1,d3,1,d3
34624,288.53333333333336,0,d1,0,d1,0,d1,1,d3,1,d3,1,d3
34632,288.6,0,d1,0,d1,0,d1,1,d3,1,d3,1,d3
34640,288.6666666666667,0,d1,0,d1,0,d1,1,d3,1,d3,1,d3
34648,288.73333333333335,0,d1,0,d1,0,d1,1,d3,1,d3,1,d3
34656,288.8,0,d1,0,d1,0,d1,1,d3,1,d3,1,d3
34664,288.8666666666667,0,d1,0,d1,0,d1,1,d3,1,d3,1,d3
34672,288.93333333333334,0,d1,0,d1,0,d1,1,d3,1,d3,1,d3
34680,289.0,0,d1,0,d1,0,d1,1,d3,1,d3,1,d3
34688,289.06666666666666,0,d1,0,d1,0,d1,1,d3,1,d3,1,d3
34696,289.1333333333333,0,d1,0,d1,0,d1,1,d3,1,d3,1,d3
34704,289.2,0,d1,0,d1,0,d1,1,d3,1,d3,1,d3
34712,289.26666666666665,0,d1,0,d1,0,d1,1,d3,1,d3,1,d3
34720,289.3333333333333,0,d1,0,d1,0,d1,1,d3,1,d3,1,d3
34728,289.4,0,d1,0,d1,0,d1,1,d3,1,d3,1,d3
34736,289.46666666666664,0,d1,0,d1,0,d1,1,d3,1,d3,1,d3
34744,289.53333333333336,0,d1,0,d1,0,d1,1,d3,1,d3,1,d3
34752,289.6,0,d1,0,d1,0,d1,1,d3,1,d3,1,d3
34760,289.6666666666667,0,d1,0,d1,0,d1,1,d3,1,d3,1,d3
34768,289.73333333333335,0,d1,0,d1,0,d1,1,d3,1,d3,1,d3
34776,289.8,0,d1,0,d1,0,d1,1,d3,1,d3,1,d3
34784,289.8666666666667,0,d1,0,d1,0,d1,1,d3,1,d3,1,d3
34792,289.93333333333334,0,d1,0,d1,0,d1,1,d3,1,d3,1,d3
34800,290.0,0,d1,0,d1,0,d1,1,d3,1,d3,1,d3
34808,290.06666666666666,0,d1,0,d1,0,d1,1,d3,1,d3,1,d3
34816,290.1333333333333,0,d1,0,d1,0,d1,1,d3,1,d3,1,d3
34824,290.2,0,d1,0,d1,0,d1,1,d3,1,d3,1,d3
34832,290.26666666666665,0,d1,0,d1,0,d1,1,d3,1,d3,1,d3
34840,290.3333333333333,0,d1,0,d1,0,d1,1,d3,1,d3,1,d3
34848,290.4,0,d1,0,d1,0,d1,1,d3,1,d3,1,d3
34856,290.46666666666664,0,d1,0,d1,0,d1,1,d3,1,d3,1,d3
34864,290.53333333333336,0,d1,0,d1,0,d1,1,d3,1,d3,1,d3
34872,290.6,0,d1,0,d1,0,d1,1,d3,1,d3,1,d3
34880,290.6666666666667,0,d1,0,d1,0,d1,1,d3,1,d3,1,d3
34888,290.73333333333335,0,d1,0,d1,0,d1,1,d3,1,d3,1,d3
34896,290.8,0,d1,0,d1,0,d1,1,d3,1,d3,1,d3
34904,290.8666666666667,0,d1,0,d1,0,d1,1,d3,1,d3,1,d3
34912,290.93333333333334,0,d1,0,d1,0,d1,1,d3,1,d3,1,d3
34920,291.0,0,d1,0,d1,0,d1,1,d3,1,d3,1,d3
34928,291.06666666666666,0,d1,0,d1,0,d1,1,d3,1,d3,1,d3
34936,291.1333333333333,0,d1,0,d1,0,d1,1,d3,1,d3,1,d3
34944,291.2,0,d1,0,d1,0,d1,1,d3,1,d3,1,d3
34952,291.26666666666665,0,d1,0,d1,0,d1,1,d3,1,d3,1,d3
34960,291.3333333333333,0,d1,0,d1,0,d1,1,d3,1,d3,1,d3
34968,291.4,0,d1,0,d1,0,d1,1,d3,1,d3,1,d3
34976,291.46666666666664,0,d1,0,d1,0,d1,1,d3,1,d3,1,d3
34984,291.53333333333336,0,d1,0,d1,0,d1,1,d3,1,d3,1,d3
34992,291.6,0,d1,0,d1,0,d1,1,d3,1,d3,1,d3
35000,291.6666666666667,0,d1,0,d1,0,d1,1,d3,1,d3,1,d3
35008,291.73333333333335,0,d1,0,d1,0,d1,1,d3,1,d3,1,d3
35016,291.8,0,d1,0,d1,0,d1,1,d3,1,d3,1,d3
35024,291.8666666666667,0,d1,0,d1,0,d1,1,d3,1,d3,1,d3
35032,291.93333333333334,0,d1,0,d1,0,d1,1,d3,1,d3,1,d3
35040,292.0,0,d1,0,d1,0,d1,1,d3,1,d3,1,d3
35048,292.06666666666666,0,d1,0,d1,0,d1,1,d3,1,d3,1,d3
35056,292.1333333333333,0,d1,0,d1,0,d1,1,d3,1,d3,1,d3
35064,292.2,0,d1,0,d1,0,d1,1,d3,1,d3,1,d3
35072,292.26666666666665,0,d1,0,d1,0,d1,1,d3,1,d3,1,d3
35080,292.3333333333333,0,d1,0,d1,0,d1,1,d3,1,d3,1,d3
35088,292.4,0,d1,0,d1,0,d1,1,d3,1,d3,1,d3
35096,292.46666666666664,0,d1,0,d1,0,d1,1,d3,1,d3,1,d3
35104,292.53333333333336,0,d1,0,d1,0,d1,1,d3,1,d3,1,d3
35112,292.6,0,d1,0,d1,0,d1,1,d3,1,d3,1,d3
35120,292.6666666666667,0,d1,0,d1,0,d1,1,d3,1,d3,1,d3
35128,292.73333333333335,0,d1,0,d1,0,d1,1,d3,1,d3,1,d3
35136,292.8,0,d1,0,d1,0,d1,1,d3,1,d3,1,d3
35144,292.8666666666667,0,d1,0,d1,0,d1,1,d3,1,d3,1,d3
35152,292.93333333333334,0,d1,0,d1,0,d1,1,d3,1,d3,1,d3
35160,293.0,0,d1,0,d1,0,d1,1,d3,1,d3,1,d3
35168,293.06666666666666,0,d1,0,d1,0,d1,1,d3,1,d3,1,d3
35176,293.1333333333333,0,d1,0,d1,0,d1,1,d3,1,d3,1,d3
35184,293.2,0,d1,0,d1,0,d1,1,d3,1,d3,1,d3
35192,293.26666666666665,0,d1,0,d1,0,d1,1,d3,1,d3,1,d3
35200,293.3333333333333,0,d1,0,d1,0,d1,1,d3,1,d3,1,d3
35208,293.4,0,d1,0,d1,0,d1,1,d3,1,d3,1,d3
35216,293.46666666666664,0,d1,0,d1,0,d1,1,d3,1,d3,1,d3
35224,293.53333333333336,0,d1,0,d1,0,d1,1,d3,1,d3,1,d3
35232,293.6,0,d1,0,d1,0,d1,1,d3,1,d3,1,d3
35240,293.6666666666667,0,d1,0,d1,0,d1,1,d3,1,d3,1,d3
35248,293.73333333333335,0,d1,0,d1,0,d1,1,d3,1,d3,1,d3
35256,293.8,0,d1,0,d1,0,d1,1,d3,1,d3,1,d3
35264,293.8666666666667,0,d1,0,d1,0,d1,1,d3,1,d3,1,d3
35272,293.93333333333334,0,d1,0,d1,0,d1,1,d3,1,d3,1,d3
35280,294.0,0,d1,0,d1,0,d1,1,d3,1,d3,1,d3
35288,294.06666666666666,0,d1,0,d1,0,d1,1,d3,1,d3,1,d3
35296,294.1333333333333,0,d1,0,d1,0,d1,1,d3,1,d3,1,d3
35304,294.2,0,d1,0,d1,0,d1,1,d3,1,d3,1,d3
35312,294.26666666666665,0,d1,0,d1,0,d1,1,d3,1,d3,1,d3
35320,294.3333333333333,0,d1,0,d1,0,d1,1,d3,1,d3,1,d3
35328,294.4,0,d1,0,d1,0,d1,1,d3,1,d3,1,d3
35336,294.46666666666664,0,d1,0,d1,0,d1,1,d3,1,d3,1,d3
35344,294.53333333333336,0,d1,0,d1,0,d1,1,d3,1,d3,1,d3
35352,294.6,0,d1,0,d1,0,d1,1,d3,1,d3,1,d3
35360,294.6666666666667,0,d1,0,d1,0,d1,1,d3,1,d3,1,d3
35368,294.73333333333335,0,d1,0,d1,0,d1,1,d3,1,d3,1,d3
35376,294.8,0,d1,0,d1,0,d1,1,d3,1,d3,1,d3
35384,294.8666666666667,0,d1,0,d1,0,d1,1,d3,1,d3,1,d3
35392,294.93333333333334,0,d1,0,d1,0,d1,1,d3,1,d3,1,d3
35400,295.0,0,d1,0,d1,0,d1,1,d3,1,d3,1,d3
35408,295.06666666666666,0,d1,0,d1,0,d1,1,d3,1,d3,1,d3
35416,295.1333333333333,0,d1,0,d1,0,d1,1,d3,1,d3,1,d3
35424,295.2,0,d1,0,d1,0,d1,1,d3,1,d3,1,d3
35432,295.26666666666665,0,d1,0,d1,0,d1,1,d3,1,d3,1,d3
35440,295.3333333333333,0,d1,0,d1,0,d1,1,d3,1,d3,1,d3
35448,295.4,0,d1,0,d1,0,d1,1,d3,1,d3,1,d3
35456,295.46666666666664,0,d1,0,d1,0,d1,1,d3,1,d3,1,d3
35464,295.53333333333336,0,d1,0,d1,0,d1,1,d3,1,d3,1,d3
35472,295.6,0,d1,0,d1,0,d1,1,d3,1,d3,1,d3
35480,295.6666666666667,0,d1,0,d1,0,d1,1,d3,1,d3,1,d3
35488,295.73333333333335,0,d1,0,d1,0,d1,1,d3,1,d3,1,d3
35496,295.8,0,d1,0,d1,0,d1,1,d3,1,d3,1,d3
35504,295.8666666666667,0,d1,0,d1,0,d1,1,d3,1,d3,1,d3
35512,295.93333333333334,0,d1,0,d1,0,d1,1,d3,1,d3,1,d3
35520,296.0,0,d1,0,d1,0,d1,1,d3,1,d3,1,d3
35528,296.06666666666666,0,d1,0,d1,0,d1,1,d3,1,d3,1,d3
35536,296.1333333333333,0,d1,0,d1,0,d1,1,d3,1,d3,1,d3
35544,296.2,0,d1,0,d1,0,d1,1,d3,1,d3,1,d3
35552,296.26666666666665,0,d1,0,d1,0,d1,1,d3,1,d3,1,d3
35560,296.3333333333333,0,d1,0,d1,0,d1,1,d3,1,d3,1,d3
35568,296.4,0,d1,0,d1,0,d1,1,d3,1,d3,1,d3
35576,296.46666666666664,0,d1,0,d1,0,d1,1,d3,1,d3,1,d3
35584,296.53333333333336,0,d1,0,d1,0,d1,1,d3,1,d3,1,d3
35592,296.6,0,d1,0,d1,0,d1,1,d3,1,d3,1,d3
35600,296.6666666666667,0,d1,0,d1,0,d1,1,d3,1,d3,1,d3
35608,296.73333333333335,0,d1,0,d1,0,d1,1,d3,1,d3,1,d3
35616,296.8,0,d1,0,d1,0,d1,1,d3,1,d3,1,d3
35624,296.8666666666667,0,d1,0,d1,0,d1,1,d3,1,d3,1,d3
35632,296.93333333333334,0,d1,0,d1,0,d1,1,d3,1,d3,1,d3
35640,297.0,0,d1,0,d1,0,d1,1,d3,1,d3,1,d3
35648,297.06666666666666,0,d1,0,d1,0,d1,1,d3,1,d3,1,d3
35656,297.1333333333333,0,d1,0,d1,0,d1,1,d3,1,d3,1,d3
35664,297.2,0,d1,0,d1,0,d1,1,d3,1,d3,1,d3
35672,297.26666666666665,0,d1,0,d1,0,d1,1,d3,1,d3,1,d3
35680,297.3333333333333,0,d1,0,d1,0,d1,1,d3,1,d3,1,d3
35688,297.4,0,d1,0,d1,0,d1,1,d3,1,d3,1,d3
35696,297.46666666666664,0,d1,0,d1,0,d1,1,d3,1,d3,1,d3
35704,297.53333333333336,0,d1,0,d1,0,d1,1,d3,1,d3,1,d3
35712,297.6,0,d1,0,d1,0,d1,1,d3,1,d3,1,d3
35720,297.6666666666667,0,d1,0,d1,0,d1,1,d3,1,d3,1,d3
35728,297.73333333333335,0,d1,0,d1,0,d1,1,d3,1,d3,1,d3
35736,297.8,0,d1,0,d1,0,d1,1,d3,1,d3,1,d3
35744,297.8666666666667,0,d1,0,d1,0,d1,1,d3,1,d3,1,d3
35752,297.93333333333334,0,d1,0,d1,0,d1,1,d3,1,d3,1,d3
35760,298.0,0,d1,0,d1,0,d1,1,d3,1,d3,1,d3
35768,298.06666666666666,0,d1,0,d1,0,d1,1,d3,1,d3,1,d3
35776,298.1333333333333,0,d1,0,d1,0,d1,1,d3,1,d3,1,d3
35784,298.2,0,d1,0,d1,0,d1,1,d3,1,d3,1,d3
35792,298.26666666666665,0,d1,0,d1,0,d1,1,d3,1,d3,1,d3
35800,298.3333333333333,0,d1,0,d1,0,d1,1,d3,1,d3,1,d3
35808,298.4,0,d1,0,d1,0,d1,1,d3,1,d3,1,d3
35816,298.46666666666664,0,d1,0,d1,0,d1,1,d3,1,d3,1,d3
35824,298.53333333333336,0,d1,0,d1,0,d1,1,d3,1,d3,1,d3
35832,298.6,0,d1,0,d1,0,d1,1,d3,1,d3,1,d3
35840,298.6666666666667,0,d1,0,d1,0,d1,1,d3,1,d3,1,d3
35848,298.73333333333335,0,d1,0,d1,0,d1,1,d3,1,d3,1,d3
35856,298.8,0,d1,0,d1,0,d1,1,d3,1,d3,1,d3
35864,298.8666666666667,0,d1,0,d1,0,d1,1,d3,1,d3,1,d3
35872,298.93333333333334,0,d1,0,d1,0,d1,1,d3,1,d3,1,d3
35880,299.0,0,d1,0,d1,0,d1,1,d3,1,d3,1,d3
35888,299.06666666666666,0,d1,0,d1,0,d1,1,d3,1,d3,1,d3
35896,299.1333333333333,0,d1,0,d1,0,d1,1,d3,1,d3,1,d3
35904,299.2,0,d1,0,d1,0,d1,1,d3,1,d3,1,d3
35912,299.26666666666665,0,d1,0,d1,0,d1,1,d3,1,d3,1,d3
35920,299.3333333333333,0,d1,0,d1,0,d1,1,d3,1,d3,1,d3
35928,299.4,0,d1,0,d1,0,d1,1,d3,1,d3,1,d3
35936,299.46666666666664,0,d1,0,d1,0,d1,1,d3,1,d3,1,d3
35944,299.53333333333336,0,d1,0,d1,0,d1,1,d3,1,d3,1,d3
35952,299.6,0,d1,0,d1,0,d1,1,d3,1,d3,1,d3
35960,299.6666666666667,0,d1,0,d1,0,d1,1,d3,1,d3,1,d3
35968,299.73333333333335,0,d1,0,d1,0,d1,1,d3,1,d3,1,d3
35976,299.8,0,d1,0,d1,0,d1,1,d3,1,d3,1,d3
35984,299.8666666666667,0,d1,0,d1,0,d1,1,d3,1,d3,1,d3
35992,299.93333333333334,0,d1,0,d1,0,d1,1,d3,1,d3,1,d3
36000,300.0,0,d1,0,d1,0,d1,1,d3,1,d3,1,d3
